lemma	freq	stratum	donors	sources	verdict	note
egész	707186	ancient	Alanic	borrowed		
lett	664066	modern	German	borrowed		
világ	405708	ancient	Slavic languages	semantic		
idő	360256	ancient	Turkic languages	borrowed		
dolog	349141	ancient	Slavic languages	borrowed		
szabad	334565	ancient	Slavic languages	borrowed		
úr	308520	ancient	Turkic languages	borrowed		
törvény	308290	ancient	Turkic languages	borrowed		
internet	306597	modern	English	borrowed		
szent	293271	ancient	Slavic languages	borrowed		
október	290638	modern	Latin	borrowed		
film	284282	modern	English	borrowed		
pont	271763	modern	German	borrowed		
kormány	264988	ancient	Slavic languages	borrowed		
munka	247703	ancient	Slavic languages	borrowed		
web	230096	modern	English	borrowed		
kép	222791	ancient	Turkic languages	borrowed		
von	213369	unclassified	Korean	borrowed		
iskola	197686	modern	Latin	borrowed		
baj	179180	ancient	Serbo-Croatian	borrowed		
online	176943	modern	English	borrowed		
szeptember	171099	modern	Latin	borrowed		
király	167515	ancient	South Slavic languages	borrowed		
betű	166476	ancient	Turkic languages	borrowed		
november	160819	modern	Latin	borrowed		
modern	155956	modern	English|German	borrowed		
téma	153766	modern	Latin	borrowed		
elektronikus	146707	modern	English	borrowed		
autó	146174	modern	German	borrowed		
olasz	140237	ancient	Serbo-Croatian	borrowed		
család	140222	ancient	Slavic languages	borrowed		
szám	138811	ancient	Turkic languages	borrowed		
vendég	137663	ancient	Alanic|Old Italian	borrowed		
civil	134536	modern	German	borrowed		
május	132573	modern	Latin	borrowed		
tiszta	130643	ancient	Slavic languages	borrowed		
link	129672	modern	English|Yiddish	borrowed		
december	124006	modern	Latin	borrowed		
gyermek	123009	ancient	Turkic languages	borrowed		
meleg	122955	modern	German	semantic		
ezer	122514	ancient	Alanic	borrowed		
január	119451	modern	Latin	borrowed		
regisztráció	118472	modern	New Latin	borrowed		
pénz	117384	ancient	Slavic languages	borrowed		
március	117148	modern	Latin	borrowed		
augusztus	117070	modern	Latin	borrowed		
darab	115992	ancient	Slavic languages	borrowed		
unió	115839	modern	Late Latin	borrowed		
június	113940	modern	Latin	borrowed		
keresztény	112747	ancient	Slavic languages	borrowed		
július	111389	modern	Latin	borrowed		
hiba	109770	ancient	Slavic languages	borrowed		
információ	109130	modern	Latin	borrowed		
gyula	108312	unclassified	Oghur languages	borrowed		
zöld	108002	ancient	Alanic	borrowed		
párt	107986	unclassified	Middle High German	borrowed		
katolikus	106546	modern	Latin	borrowed		
konkrét	106545	modern	German	borrowed		
április	106522	modern	Latin	borrowed		
orosz	106329	ancient	Turkic languages	borrowed		
tag	105537	modern	English	borrowed		
cél	104614	unclassified	Middle High German	borrowed		
friss	102617	modern	German	borrowed		
lép	101622	ancient	Slovak|Slovene	borrowed		
utca	98544	ancient	Slavic languages	borrowed		
gazdag	97552	ancient	Alanic	borrowed		
szoftver	95198	modern	English	borrowed		
rádió	94374	modern	German	borrowed		
klasszikus	91134	modern	Latin	borrowed		
part	89747	modern	Italian	borrowed		
február	85123	modern	Latin	borrowed		
kernel	84380	modern	English	borrowed		
design	83416	modern	English	borrowed		
partner	83158	modern	English	borrowed		
ír	82086	modern	German|Turkic languages	borrowed		
telefon	79426	modern	German	borrowed		
román	78038	modern	French|German|Romanian	borrowed		
grafikus	76676	modern	German	borrowed		
templom	74969	modern	Latin	borrowed		
kor	74238	ancient	Turkic languages	borrowed		
roma	73146	unclassified	Romani	borrowed		
brit	72995	modern	German	borrowed		
író	72332	unclassified	Old Chuvash	borrowed		
múzeum	72241	modern	Latin	borrowed		
eset	71545	modern	Latin	semantic		
abszolút	71490	modern	Latin	borrowed		
drága	71325	ancient	South Slavic languages|West Slavic languages	borrowed		
szerver	70749	modern	English	borrowed		
verzió	68726	modern	Late Latin	borrowed		
konferencia	67763	modern	New Latin	borrowed		
lemez	66373	ancient	Slavic languages	borrowed		
plusz	64350	modern	Latin	borrowed		
rend	61462	ancient	Slavic languages	borrowed		
szín	59848	ancient	East Slavic languages|West Slavic languages	borrowed		
gonosz	59821	ancient	Slavic languages	borrowed		
forma	59458	modern	Latin	borrowed		
energia	57938	modern	Latin	borrowed		
mester	57799	modern	Italian|Old French	borrowed		
marketing	57423	modern	English	borrowed		
technika	56844	modern	German	borrowed		
sárga	56691	ancient	Turkic languages	borrowed		
mód	55706	modern	Latin	borrowed		
molnár	53727	ancient	Slavic languages	borrowed		
akció	53330	modern	Latin	borrowed		
pápa	52283	modern	Latin	borrowed		
kommunikáció	51282	modern	English	borrowed		
cseh	50123	unclassified	Czech	borrowed		
para	50033	unclassified	Ottoman Turkish	borrowed		
automatikus	49985	modern	German	borrowed		
gáz	49097	modern	German	borrowed		
csoda	48977	ancient	Slavic languages	borrowed		
album	48905	modern	German	borrowed		
pap	48789	ancient	Slavic languages|South Slavic languages	borrowed		
show	48305	modern	English	borrowed		
tök	48167	ancient	South Slavic languages	borrowed		
régió	48100	modern	Latin	borrowed		
hotel	47969	modern	German	borrowed		
demokratikus	46933	modern	German	borrowed		
index	46360	modern	Latin	borrowed		
ablak	46047	ancient	Slovak	borrowed		
kód	45426	modern	English	borrowed		
csinál	44935	ancient	Slavic languages	borrowed		
torta	44451	modern	Italian	borrowed		
szlovák	43892	ancient	Slovak	borrowed		
vers	43453	modern	Latin	borrowed		
református	43302	modern	New Latin	borrowed|learned		
kosár	43287	ancient	South Slavic languages	borrowed		
vicc	43195	modern	German	borrowed		
szombat	43152	ancient	East Slavic languages|South Slavic languages	borrowed		
szovjet	42702	modern	Russian	borrowed		
futó	41963	modern	German	semantic		
típus	41559	modern	Latin	borrowed		
teszt	41483	modern	English	borrowed		
gimnázium	40672	modern	German	borrowed		
teve	40653	ancient	Turkic languages	borrowed		
tárca	40539	modern	German	borrowed		
politikus	40495	modern	Latin	borrowed		
szemét	40392	ancient	South Slavic languages|West Slavic languages	borrowed		
sort	39233	modern	English	borrowed		
beszéd	38950	ancient	Slavic languages	borrowed		
dinamikus	38005	modern	German	borrowed		
csatorna	37680	ancient	Serbo-Croatian	borrowed		
funkció	37603	modern	Latin	borrowed		
evangélikus	36946	modern	Latin	borrowed		
rock	36774	modern	English	borrowed		
konyha	36669	ancient	Slavic languages	borrowed		
apa	36391	ancient	Turkic languages	borrowed		
terem	36244	ancient	Slavic languages	borrowed		
ülés	35837	modern	German	semantic		
papír	35459	modern	German	borrowed		
kapitány	35446	modern	German|Italian	borrowed		
direkt	35283	modern	German	borrowed		
house	35252	modern	English	borrowed		
major	34957	unclassified	Bavarian	borrowed		
buli	34928	modern	German	borrowed		
bír	34922	ancient	Turkic languages	borrowed		
kamara	34829	modern	French|Latin	borrowed|learned|semantic		
követ	34783	modern	English	semantic		
tenger	34622	unclassified	Oghur languages	borrowed		
reklám	34467	modern	German	borrowed		
memória	34367	modern	Latin	borrowed		
dupla	33961	modern	Latin	borrowed		
puszta	32838	ancient	Slavic languages	borrowed		
tisza	32812	ancient	Slavic languages	borrowed		
tipikus	31784	modern	German	borrowed		
karaván	31056	modern	German	borrowed		
font	30903	modern	English	borrowed		
meccs	30722	modern	English	borrowed		
tábor	30315	ancient	Turkic languages	borrowed		
üveg	29955	ancient	Alanic	borrowed		
illegális	29575	modern	Latin	borrowed		
hála	29285	ancient	South Slavic languages	borrowed		
horvát	29148	ancient	Serbo-Croatian|Slavic languages	borrowed		
amatőr	29121	modern	German	borrowed		
csere	29119	modern	Russian	borrowed		
telek	28799	unclassified	Oghur languages	borrowed		
opera	28372	modern	Italian	borrowed		
anno	28360	modern	Latin	borrowed		
próbál	28346	modern	Latin	borrowed		
lord	28190	modern	English	borrowed		
macska	28143	ancient	Slavic languages	borrowed		
tánc	27720	modern	German	borrowed		
mágikus	27461	modern	Latin	borrowed		
minta	27429	unclassified	Southern Sami	borrowed		
script	27136	modern	English	borrowed		
vacsora	26958	ancient	Serbo-Croatian|Slavic languages|Slovak	borrowed		
videó	26936	modern	English	borrowed		
erotikus	26863	modern	German	borrowed		
csata	26788	ancient	Serbo-Croatian	borrowed		
export	26677	modern	English	borrowed		
analóg	26392	modern	German	borrowed		
bölcs	26379	ancient	Turkic languages	borrowed		
kamera	26040	modern	English	borrowed		
publikus	25806	modern	Latin	borrowed		
infrastruktúra	25682	modern	English	borrowed		
herceg	25559	unclassified	Middle High German	borrowed		
sors	25325	modern	Latin	borrowed		
pláne	25211	modern	Latin	borrowed		
muszáj	25117	modern	German	borrowed		
szerencse	25036	ancient	South Slavic languages	borrowed		
kampány	24946	modern	German	borrowed		
korona	24741	modern	Latin	borrowed		
asztal	24729	modern	English|Slavic languages	borrowed|semantic		
koncepció	24523	modern	Latin	borrowed		
garancia	24375	modern	German	borrowed		
tematikus	24304	modern	German	borrowed		
platform	24301	modern	German	borrowed		
bátor	24117	ancient	Turkic languages	borrowed		
csütörtök	23969	ancient	South Slavic languages	borrowed		
tábla	23614	modern	Latin	borrowed		
kompatibilis	23250	modern	English	borrowed		
hall	23096	modern	German	borrowed		
fegyver	23048	unclassified	Middle High German	borrowed		
tej	22992	ancient	Iranian languages	borrowed		
integráció	22931	modern	Latin	borrowed		
olaj	22720	ancient	Slavic languages	borrowed		
egér	22419	modern	English	semantic		
modem	22411	modern	English	borrowed		
front	22100	modern	German	borrowed		
menedzsment	21984	modern	English	borrowed		
tükör	21937	unclassified	Oghur languages	borrowed		
pilóta	21815	modern	German	borrowed		
hardver	21814	modern	English	borrowed		
stop	21525	modern	English	borrowed|orthographic		
várta	21474	unclassified	Middle High German	borrowed		
terasz	21454	modern	French	borrowed		
óriás	21450	modern	Russian	borrowed		
szuper	21276	modern	Latin	borrowed		
próba	21191	modern	Latin	borrowed		
kliens	20752	modern	Latin	borrowed		
ebéd	20578	ancient	Slavic languages	borrowed		
import	20496	modern	English	borrowed		
tragikus	20251	modern	Latin	borrowed		
zsűri	19878	modern	English	borrowed		
kereszt	19867	ancient	South Slavic languages	borrowed		
western	19717	modern	English	borrowed		
szimpatikus	19567	modern	German	borrowed		
torony	19457	modern	German	borrowed		
vonat	19442	modern	German	semantic		
gazda	19428	ancient	Slavic languages	borrowed		
rózsa	19403	modern	Latin	borrowed		
idea	19273	modern	Latin	borrowed		
chat	19239	modern	English	borrowed		
nulla	19163	modern	Latin	borrowed		
mágia	19133	modern	Late Latin	borrowed		
misztikus	19037	modern	Latin	borrowed		
parti	18980	modern	English|German	borrowed		
kádár	18938	ancient	Slovak|South Slavic languages	borrowed		
terror	18912	modern	English	borrowed|orthographic		
márka	18852	modern	German	borrowed		
chip	18422	modern	English	borrowed		
generáció	18409	modern	Latin	borrowed		
tea	18173	modern	Dutch	borrowed		
medence	18154	ancient	Slavic languages	borrowed		
logikus	18118	modern	Medieval Latin	borrowed		
csaj	17914	unclassified	Romani	borrowed		
praktikus	17886	modern	Latin	borrowed		
garázs	17777	modern	German	borrowed		
palota	17758	ancient	Slavic languages	borrowed		
infláció	17676	modern	Latin	borrowed		
centrum	17647	modern	Latin	borrowed		
kicsiny	17524	ancient	Turkic languages	borrowed		
ész	17488	ancient	Turkic languages	borrowed		
panel	17486	modern	English	borrowed|orthographic		
labda	17479	ancient	Slavic languages	borrowed		
bő	17451	ancient	Ottoman Turkish|Turkic languages	borrowed		
vért	17437	ancient	Alanic	borrowed		
opció	16947	modern	Latin	borrowed		
banda	16923	modern	Italian	borrowed		
udvar	16579	ancient	Slavic languages	borrowed		
figura	16483	modern	Latin	borrowed		
zár	16448	ancient	South Slavic languages|West Slavic languages	borrowed		
kulcs	16418	ancient	Slavic languages	borrowed		
zsinat	16388	modern	Latin	borrowed		
reneszánsz	16328	modern	French	borrowed		
szekció	16277	modern	German	borrowed		
evangélium	16190	modern	Latin	borrowed		
kastély	16013	unclassified	Gallo-Italic languages	borrowed		
nonprofit	15919	modern	English	borrowed		
civilizáció	15903	modern	French	borrowed		
fan	15903	modern	English	borrowed|orthographic		
bolt	15803	modern	Italian	borrowed		
tucat	15652	modern	German	borrowed		
betyár	15640	ancient	Serbo-Croatian	borrowed		
produkció	15530	modern	English|French	borrowed		
precíz	15404	modern	German	borrowed		
tok	15398	ancient	Turkic languages	borrowed		
apostol	15347	modern	Late Latin	borrowed		
patak	15294	ancient	Slavic languages	borrowed		
kel	14911	unclassified	Bavarian	borrowed		
szimbolikus	14906	modern	German	borrowed		
anime	14861	modern	English	borrowed		
pogány	14799	modern	Medieval Latin	borrowed		
producer	14735	modern	English	borrowed|orthographic		
bolond	14684	ancient	Slavic languages	borrowed		
dél	14658	unclassified	Oghur languages	borrowed		
workshop	14583	modern	English	borrowed		
paraszt	14555	ancient	Slavic languages	borrowed		
oroszlán	14534	ancient	Turkic languages	borrowed		
vitéz	14486	ancient	South Slavic languages	borrowed		
hifi	14449	modern	English	borrowed		
kulcsár	14363	ancient	South Slavic languages	borrowed		
duma	14324	modern	Romani|Russian	borrowed		
klikk	14293	modern	English	borrowed		
gyümölcs	14283	unclassified	Oghur languages	borrowed		
medve	14121	ancient	Slavic languages	borrowed		
tendencia	14086	modern	German	borrowed		
kávé	14034	unclassified	Ottoman Turkish	borrowed		
blog	14032	modern	English	borrowed		
menedzser	14029	modern	English	borrowed		
krónikus	13923	modern	Latin	borrowed		
humor	13831	modern	Latin	borrowed		
gitár	13654	modern	German	borrowed		
stand	13652	modern	German	borrowed		
junior	13633	modern	Latin	borrowed		
konfliktus	13554	modern	Latin	borrowed		
sereg	13512	ancient	Turkic languages	borrowed		
profit	13487	modern	German	borrowed		
tiszt	13482	ancient	Slavic languages	borrowed		
zászló	13424	ancient	Serbo-Croatian|Slovene	borrowed		
globalizáció	13373	modern	English	borrowed		
lift	13372	modern	British English	borrowed		
spam	13336	modern	English	borrowed		
pokol	13284	ancient	Serbo-Croatian|Slovene	borrowed		
harmonikus	13237	modern	German	borrowed		
trófea	13231	modern	German	borrowed		
oszlop	13161	ancient	Slavic languages	borrowed		
protokoll	13161	modern	German	borrowed		
gyűrű	12997	unclassified	Oghur languages	borrowed		
turista	12934	modern	English	borrowed		
mechanikus	12737	modern	German	borrowed		
specifikus	12730	modern	Medieval Latin	borrowed		
lokális	12721	modern	Latin	borrowed		
rák	12719	ancient	Slavic languages	borrowed		
oláh	12710	ancient	Old Church Slavonic	borrowed		
szintetikus	12458	modern	German	borrowed		
pásztor	12424	ancient	Slavic languages	borrowed		
reakció	12352	modern	Latin	borrowed		
musical	12347	modern	English	borrowed		
egzotikus	12148	modern	Latin	borrowed		
sci-fi	12012	modern	English	borrowed|orthographic		
pintér	11993	modern	Bavarian|German	borrowed		
kondor	11918	modern	Spanish	borrowed		
komponens	11899	modern	Latin	borrowed		
evolúció	11866	modern	Latin	borrowed		
intelligencia	11803	modern	Latin	borrowed		
szégyen	11769	ancient	Slavic languages	borrowed		
laptop	11761	modern	English	borrowed		
lánc	11747	ancient	Slavic languages	borrowed		
cukor	11707	modern	German	borrowed		
kapacitás	11655	modern	Latin	borrowed		
pince	11641	ancient	Slavic languages	borrowed		
széria	11614	modern	German	borrowed		
sofőr	11501	modern	German	borrowed		
diktatúra	11444	modern	Latin	borrowed		
hacker	11369	modern	English	borrowed		
vásár	11368	ancient	Iranian languages	borrowed		
beton	11294	modern	German	borrowed		
leszbikus	11287	modern	Latin	borrowed		
fair	11284	modern	English	borrowed		
soul	11216	modern	English	borrowed		
pixel	11158	modern	English	borrowed		
gól	11146	modern	English	borrowed		
kozmikus	11121	modern	English	borrowed		
meló	11114	unclassified	Yiddish	borrowed		
erkély	11092	modern	German	borrowed		
boy	11076	modern	English	borrowed		
tar	11058	unclassified	Oghur languages	borrowed		
statikus	10965	modern	English	borrowed		
koalíció	10929	modern	English|French	borrowed		
blues	10915	modern	English	borrowed		
náci	10888	modern	German	borrowed		
riporter	10746	modern	English	borrowed		
báró	10707	modern	Medieval Latin	borrowed		
labor	10702	modern	German	borrowed		
suli	10688	modern	German	borrowed		
konstrukció	10543	modern	Latin	borrowed		
bajor	10496	modern	German	borrowed		
hun	10492	modern	Latin	borrowed		
frekvencia	10489	modern	German	borrowed		
szék	10417	ancient	Turkic languages	borrowed		
szerviz	10354	unclassified	Austrian German	borrowed		
formula	10344	modern	Latin	borrowed		
mágus	10313	modern	Latin	borrowed		
fehérje	10230	modern	German	semantic		
privatizáció	10220	modern	English	borrowed		
mér	10216	ancient	Slavic languages	borrowed		
radioaktív	10185	modern	German	borrowed		
ökumenikus	10180	modern	Late Latin	borrowed		
leg	10029	modern	English	borrowed		
masszázs	10026	modern	German	borrowed		
bárány	9996	ancient	Slavic languages	borrowed		
byte	9972	modern	English	borrowed		
malac	9923	ancient	Slovene	borrowed		
diszkrimináció	9902	modern	English	borrowed		
akusztikus	9880	modern	German	borrowed		
kamat	9854	ancient	Serbo-Croatian	borrowed		
epizód	9826	modern	German	borrowed		
pozíció	9821	modern	Latin	borrowed		
kocka	9816	ancient	West Slavic languages	borrowed		
random	9809	modern	English	borrowed|orthographic		
szolidaritás	9802	modern	French	borrowed		
turné	9726	modern	French	borrowed		
narancs	9670	unclassified	Old Italian	borrowed		
társ	9596	ancient	Slavic languages	borrowed		
tompa	9535	ancient	Slavic languages	borrowed		
alt	9508	modern	German	borrowed		
tészta	9444	ancient	Slavic languages	borrowed		
gyárt	9427	ancient	Turkic languages	borrowed		
empirikus	9358	modern	Latin	borrowed		
csap	9298	modern	German	borrowed		
bináris	9260	modern	Late Latin	borrowed		
gomba	9233	ancient	Slavic languages	borrowed		
puszi	9150	unclassified	Austrian German	borrowed		
tengely	9117	ancient	Turkic languages	borrowed		
korrupció	9072	modern	Latin	borrowed		
aktivitás	9036	modern	German	borrowed		
szolga	8991	ancient	Slavic languages	borrowed		
basszus	8841	modern	Medieval Latin	borrowed		
frakció	8810	modern	Latin	borrowed		
animáció	8791	modern	Latin	borrowed		
mínusz	8776	modern	Latin	borrowed		
kincs	8751	ancient	Turkic languages	borrowed		
szimfonikus	8706	modern	German	borrowed		
abszurd	8674	modern	Latin	borrowed		
bika	8672	ancient	Turkic languages	borrowed		
zóna	8668	modern	German	borrowed		
szláv	8592	modern	German	borrowed		
laikus	8575	modern	Medieval Latin	borrowed		
ámen	8564	modern	Late Latin	borrowed		
horror	8544	modern	Latin	borrowed		
dús	8528	modern	Italian	borrowed		
sajt	8512	ancient	Alanic	borrowed		
puzzle	8499	modern	English	borrowed		
oxigén	8488	modern	German	borrowed		
szakács	8476	modern	Russian	borrowed		
szimpla	8468	modern	Medieval Latin	borrowed		
absztrakt	8297	modern	English	semantic		
drasztikus	8292	modern	Latin	borrowed		
analitikus	8252	modern	Latin	borrowed		
méreg	8199	ancient	Alanic	borrowed		
akut	8185	modern	German	borrowed		
hé	8102	unclassified	Hebrew	borrowed		
tolerancia	8032	modern	Latin	borrowed		
gótikus	8016	modern	German	borrowed		
béna	8013	ancient	Slovak	borrowed		
disznó	7996	unclassified	Oghur languages	borrowed		
haver	7987	unclassified	Yiddish	borrowed		
szór	7964	unclassified	Volga Bulgar	borrowed		
paprika	7919	ancient	Serbo-Croatian	borrowed		
béka	7902	ancient	Turkic languages	borrowed		
idióta	7835	modern	Latin	borrowed		
paradox	7816	modern	German	borrowed		
bizarr	7791	modern	German	borrowed		
konzultáció	7779	modern	Latin	borrowed		
kökény	7744	ancient	Turkic languages	borrowed		
tinédzser	7722	modern	English	borrowed		
spin	7720	modern	English	borrowed|orthographic		
tégla	7688	modern	Latin	borrowed		
sátor	7664	ancient	Turkic languages	borrowed		
kompetencia	7661	modern	German	borrowed		
gaz	7559	ancient	Ossetian|Slavic languages	borrowed		
büfé	7554	modern	French	borrowed		
tank	7536	modern	English	borrowed|orthographic		
felhő	7534	modern	English	semantic		
szett	7508	modern	English	borrowed		
cet	7388	modern	Latin	borrowed		
bosszú	7383	ancient	Turkic languages	borrowed		
koncentráció	7355	modern	German	borrowed		
mikrofon	7239	modern	German	borrowed		
dohány	7233	unclassified	Ottoman Turkish	borrowed		
tranzakció	7220	modern	German	borrowed		
plébánia	7211	modern	Latin	borrowed		
adminisztráció	7086	modern	Latin	borrowed		
barom	7066	ancient	Turkic languages	borrowed		
innováció	7023	modern	New Latin	borrowed		
halom	7012	ancient	Slavic languages	borrowed		
akadémikus	7001	modern	New Latin	borrowed		
özvegy	6990	ancient	Alanic	borrowed		
apát	6963	ancient	Serbo-Croatian|Slovene	borrowed		
kacsa	6960	ancient	Slovak	borrowed		
kódex	6957	modern	Latin	borrowed		
kocsma	6938	ancient	Slavic languages	borrowed		
bál	6931	modern	German	borrowed		
alibi	6926	modern	German	borrowed		
szán	6902	ancient	Slavic languages|Turkic languages	borrowed		
futball	6877	modern	English	borrowed		
tanú	6863	ancient	Turkic languages	borrowed		
farm	6852	modern	English	borrowed		
reformáció	6837	modern	Latin	borrowed		
láda	6833	modern	German	borrowed		
hierarchikus	6781	modern	German	borrowed		
pajzs	6753	modern	Italian	borrowed		
esztétikus	6742	modern	German	borrowed		
balhé	6720	unclassified	Austrian German	borrowed		
démon	6720	modern	Latin	borrowed		
bűvös	6719	ancient	Turkic languages	borrowed		
kalmár	6719	modern	German	borrowed		
nokedli	6711	modern	German	borrowed		
novella	6631	modern	Italian	borrowed		
sétál	6617	ancient	South Slavic languages	borrowed		
horoszkóp	6585	modern	German	borrowed		
komló	6555	ancient	Turkic languages	borrowed		
boksz	6549	modern	English|German	borrowed		
delegáció	6522	modern	Latin	borrowed		
bét	6515	unclassified	Hebrew	borrowed		
korom	6497	ancient	Turkic languages	borrowed		
kompozíció	6433	modern	Latin	borrowed		
formáció	6409	modern	Latin	borrowed		
kreativitás	6385	modern	English	borrowed		
szituáció	6369	modern	Late Latin	borrowed		
germán	6360	modern	Latin	borrowed		
motiváció	6327	modern	Latin	borrowed		
matrica	6320	modern	German	borrowed		
geometria	6286	modern	Latin	borrowed		
rutin	6278	modern	French	borrowed		
cigaretta	6268	modern	German	borrowed		
szonda	6255	modern	German	borrowed		
terminál	6224	modern	English	borrowed		
turul	6198	ancient	Turkic languages	borrowed		
aktus	6189	modern	Latin	borrowed		
kos	6180	ancient	Turkic languages	borrowed		
maszk	6150	modern	German	borrowed		
konkurens	6129	modern	German	borrowed		
dimenzió	6119	modern	Latin	borrowed		
himnusz	6106	modern	Latin	borrowed		
gabona	6091	ancient	South Slavic languages	borrowed		
szalon	6081	modern	German	borrowed		
liberalizmus	6070	modern	German	borrowed		
bors	6066	ancient	Turkic languages	borrowed		
gyertya	6041	ancient	Turkic languages	borrowed		
kémény	6037	modern	German	borrowed		
autentikus	6014	modern	Latin	borrowed		
csésze	5947	unclassified	Czech	borrowed		
aura	5919	modern	Latin	borrowed		
smaragd	5898	modern	German	borrowed		
kelta	5880	modern	Latin	borrowed		
gyémánt	5875	modern	German	borrowed		
cinikus	5848	modern	Latin	borrowed		
bognár	5837	modern	German	borrowed		
norma	5831	modern	Latin	borrowed		
kontakt	5795	modern	German	borrowed		
tanya	5788	ancient	Old East Slavic	borrowed		
rap	5787	modern	English	borrowed		
definíció	5753	modern	Latin	borrowed		
fólia	5715	modern	German	borrowed		
csávó	5695	unclassified	Romani	borrowed		
pardon	5693	modern	French|German	borrowed		
konkurencia	5679	modern	German	borrowed		
felni	5613	modern	German	borrowed		
expedíció	5610	modern	Latin	borrowed		
hormon	5596	modern	English	borrowed		
ironikus	5595	modern	German	borrowed		
rehabilitáció	5556	modern	Latin	borrowed		
organikus	5544	modern	Latin	borrowed		
hidraulikus	5535	modern	German	borrowed		
lencse	5532	ancient	South Slavic languages	borrowed		
ászok	5520	ancient	Turkic languages	borrowed		
szimmetrikus	5490	modern	German	borrowed		
disztribúció	5489	modern	Latin	borrowed		
mítosz	5472	unclassified	Ancient Greek	borrowed		
néger	5427	modern	German	borrowed		
nacionalista	5416	modern	German	borrowed		
rab	5405	ancient	Serbo-Croatian|South Slavic languages	borrowed		
troll	5382	modern	English	borrowed		
pult	5381	modern	German	borrowed		
rakéta	5365	modern	German	borrowed		
zseni	5351	modern	German	borrowed		
intervallum	5322	modern	Latin	borrowed		
vodka	5294	modern	Russian	borrowed		
palack	5245	ancient	Slavic languages	borrowed		
meditáció	5243	modern	Latin	borrowed		
kapitalista	5218	modern	German	borrowed		
kalória	5192	modern	German	borrowed		
horizontális	5165	modern	German	borrowed		
col	5140	modern	German	borrowed		
táncol	5124	modern	German	borrowed		
kompromisszum	5117	modern	Latin	borrowed		
abortusz	5112	modern	New Latin	borrowed		
gyász	5086	unclassified	Old Chuvash	borrowed		
asszisztens	5084	modern	German	borrowed		
allergia	5059	modern	German	borrowed		
kántor	5046	modern	Latin	borrowed		
operatőr	5045	modern	French	borrowed		
ábrázol	5044	ancient	Slavic languages	borrowed		
gigantikus	5042	modern	German	borrowed		
sámán	5036	modern	German	borrowed		
pikáns	5034	modern	German	borrowed		
gála	5017	modern	German	borrowed		
kontinentális	5016	modern	English|French	borrowed		
csizma	4971	ancient	Serbo-Croatian	borrowed		
rekonstrukció	4963	modern	German	borrowed		
arat	4939	ancient	Turkic languages	borrowed		
indirekt	4936	modern	German	borrowed		
taktika	4934	modern	Latin	borrowed		
hossz	4926	modern	French	borrowed		
gát	4912	ancient	Slovak|South Slavic languages	borrowed		
akvárium	4907	modern	French|German	borrowed		
karma	4903	unclassified	Sanskrit	borrowed		
móka	4900	modern	Italian	borrowed		
heterogén	4892	modern	German	borrowed		
pletyka	4882	ancient	Slovak	borrowed		
albán	4860	modern	Latin	borrowed		
tömény	4852	ancient	Turkic languages	borrowed		
feudális	4849	modern	Medieval Latin	borrowed		
árok	4833	ancient	Turkic languages	borrowed		
ezoterikus	4823	modern	Latin	borrowed		
remete	4821	modern	Italian	borrowed		
mitikus	4810	modern	German	borrowed		
sakk	4808	modern	German	borrowed		
meta	4803	modern	English	borrowed|orthographic		
agresszió	4795	modern	German	borrowed		
tradíció	4789	modern	Latin	borrowed		
populáció	4787	modern	Late Latin	borrowed		
konfiguráció	4760	modern	New Latin	borrowed		
kommentár	4751	modern	German	borrowed		
variáció	4745	modern	Latin	borrowed		
stroke	4727	modern	English	borrowed		
lecke	4725	modern	Latin	borrowed		
hidrogén	4716	modern	German	borrowed		
realitás	4703	modern	Latin	borrowed		
winchester	4701	modern	English	borrowed		
rúd	4697	modern	German	borrowed		
ostrom	4691	modern	German	borrowed		
skorpió	4678	modern	Latin	borrowed		
len	4676	ancient	Slavic languages	borrowed		
gyomor	4663	unclassified	Oghur languages	borrowed		
klip	4657	modern	English	borrowed		
szamár	4655	modern	Italian	borrowed		
porta	4649	modern	Latin	borrowed		
banán	4643	modern	French	borrowed		
orgona	4640	modern	Medieval Latin	borrowed		
tolmács	4636	ancient	Slavic languages|Turkic languages	borrowed		
influenza	4625	modern	Italian	borrowed		
ál	4602	ancient	Turkic languages	borrowed		
expozíció	4584	modern	Latin	borrowed		
szkeptikus	4554	modern	German	borrowed		
franc	4536	modern	Latin	borrowed		
karton	4531	modern	German	borrowed		
szisztematikus	4524	modern	German	borrowed		
sokk	4513	modern	German	borrowed		
lat	4512	modern	German	borrowed		
sapka	4506	ancient	Serbo-Croatian	borrowed		
prostitúció	4479	modern	Latin	borrowed		
pite	4475	ancient	Ottoman Turkish|Romanian|Serbo-Croatian	borrowed		
korrupt	4458	modern	German	borrowed		
watt	4455	modern	English	borrowed|orthographic		
energikus	4454	modern	German	borrowed		
krumpli	4454	unclassified	Austrian German|Bavarian	borrowed		
krém	4434	modern	French|German	borrowed		
mostoha	4431	ancient	Bulgarian	borrowed		
szekta	4403	modern	Latin	borrowed		
mackó	4340	modern	German|Slovak	borrowed|semantic		
görény	4325	unclassified	Oghur languages	borrowed		
pavilon	4316	modern	German	borrowed		
akku	4291	modern	German	borrowed		
mozaik	4290	modern	German	borrowed		
tölgy	4275	ancient	Alanic	borrowed		
drót	4268	modern	German	borrowed		
bróker	4261	modern	English	borrowed		
dzsungel	4252	modern	English|German	borrowed		
csokoládé	4240	modern	German|Italian	borrowed		
csónak	4224	ancient	Slavic languages	borrowed		
kór	4218	ancient	West Slavic languages	borrowed		
cenzúra	4210	modern	Latin	borrowed		
dóm	4207	modern	French|German	borrowed		
láma	4193	modern	German	borrowed		
kondíció	4189	modern	Late Latin	borrowed		
sztrájk	4180	modern	English	borrowed		
komfort	4179	modern	English	borrowed		
flóra	4172	modern	Latin	borrowed		
korrekció	4158	modern	Latin	borrowed		
cikkely	4155	modern	Bavarian|German	borrowed		
modernizáció	4155	modern	English	borrowed		
babona	4151	ancient	Slovak	borrowed		
demonstráció	4123	modern	Latin	borrowed		
komment	4112	modern	English	borrowed		
diplomata	4105	modern	German	borrowed		
tyúk	4094	ancient	Turkic languages	borrowed		
aukció	4091	modern	German	borrowed		
csekk	4086	modern	English	borrowed		
bab	4082	ancient	Slavic languages	borrowed		
tréfa	4067	modern	Italian	borrowed		
káposzta	4060	ancient	Slovak|Slovene	borrowed		
folklór	4059	modern	English	borrowed		
jé	4050	modern	German	borrowed		
individuális	4029	modern	New Latin	borrowed		
poszt	4015	modern	German	borrowed		
irracionális	3981	modern	Latin	borrowed		
kultusz	3981	modern	German	borrowed		
sár	3947	unclassified	Oghur languages	borrowed		
kongregáció	3945	modern	Latin	borrowed		
aréna	3942	modern	Latin	borrowed		
kasza	3915	ancient	Slavic languages	borrowed		
aba	3907	unclassified	Ottoman Turkish	borrowed		
cseresznye	3891	ancient	Slavic languages	borrowed		
szelekció	3873	modern	Latin	borrowed		
finálé	3855	modern	German	borrowed		
tao	3854	unclassified	Mandarin	borrowed		
birka	3846	unclassified	Czech	borrowed		
pizza	3826	modern	Italian	borrowed		
potenciál	3808	modern	German	borrowed		
etikus	3782	modern	German	borrowed		
passzol	3771	modern	German	borrowed		
árpa	3750	ancient	Turkic languages	borrowed		
adaptáció	3730	modern	Latin	borrowed		
gyűlik	3721	ancient	Turkic languages	borrowed		
parlamentáris	3715	modern	German	borrowed		
rubin	3710	modern	German	borrowed		
széna	3708	ancient	Slavic languages	borrowed		
sing	3696	modern	German	borrowed		
obszidián	3650	modern	German	borrowed		
placebo	3650	modern	Latin	borrowed|learned		
szalonna	3603	ancient	South Slavic languages|West Slavic languages	borrowed		
deszka	3597	ancient	Slavic languages	borrowed		
eklektikus	3594	modern	German	borrowed		
szimuláció	3594	modern	Latin	borrowed		
táska	3578	modern	Italian	borrowed		
baseball	3576	modern	English	borrowed		
pólus	3556	modern	Latin	borrowed		
sí	3541	modern	German|Norwegian	borrowed		
kompatibilitás	3532	modern	English	borrowed		
pipa	3525	modern	Italian	borrowed		
flex	3509	modern	English|German	borrowed		
veréb	3484	modern	Russian|Slavic languages	borrowed		
szappan	3463	modern	Italian	borrowed		
portré	3457	modern	German	borrowed		
problematikus	3454	modern	German	borrowed		
szentel	3453	ancient	Slavic languages	borrowed		
kalkuláció	3445	modern	English	borrowed		
kemence	3445	ancient	Slavic languages	borrowed		
kandalló	3442	modern	Italian	borrowed		
saláta	3436	modern	Italian	borrowed		
bűz	3426	ancient	Iranian languages	borrowed		
komputer	3417	modern	English	borrowed		
sváb	3417	modern	German	borrowed		
prezentáció	3409	modern	Late Latin	borrowed		
mentalitás	3408	modern	French	borrowed		
bürokratikus	3407	modern	German	borrowed		
prognózis	3399	modern	Latin	borrowed		
cowboy	3398	modern	English	borrowed		
asztma	3369	modern	Latin	borrowed		
körte	3331	ancient	Turkic languages	borrowed		
taxis	3326	modern	Latin	borrowed		
cement	3324	modern	German	borrowed		
paletta	3317	modern	French|German	borrowed		
talp	3316	unclassified	East Germanic languages|substrate languages	borrowed		
recesszió	3312	modern	Latin	borrowed		
gyapjú	3309	ancient	Turkic languages	borrowed		
flexibilis	3304	modern	Latin	borrowed		
süti	3299	modern	English	semantic		
szemeszter	3269	modern	German	borrowed		
tinta	3264	modern	Latin	borrowed		
kálvária	3262	modern	Latin	borrowed		
cser	3258	ancient	South Slavic languages	borrowed		
prevenció	3248	modern	Late Latin	borrowed		
pingvin	3245	modern	German	borrowed		
főnix	3240	modern	Ancient Greek|Latin	borrowed		
publikáció	3238	modern	German	borrowed		
mák	3220	ancient	Slavic languages	borrowed		
katalizátor	3214	modern	German	borrowed		
esperes	3209	modern	German|Romance languages	borrowed		
kollekció	3209	modern	Late Latin	borrowed		
prioritás	3197	modern	Latin	borrowed		
páva	3197	modern	Latin	borrowed		
recepció	3192	modern	Latin	borrowed		
ceruza	3188	modern	Latin	borrowed		
koordináció	3188	modern	Latin	borrowed		
zsákmány	3188	modern	German	borrowed		
tőr	3186	ancient	Turkic languages	borrowed		
buja	3182	ancient	Slavic languages	borrowed		
hurok	3177	ancient	Turkic languages	borrowed		
diskurzus	3175	modern	Latin	borrowed		
operett	3168	modern	French	borrowed		
szleng	3158	modern	English	borrowed		
parancsol	3150	ancient	Slavic languages	borrowed		
kolbász	3145	ancient	Macedonian|Slavic languages	borrowed		
ciklikus	3144	modern	Latin	borrowed		
morál	3138	modern	German	borrowed		
precedens	3117	modern	Medieval Latin	borrowed		
érdem	3117	ancient	Turkic languages	borrowed		
história	3113	modern	Latin	borrowed		
csizmadia	3112	ancient	Serbo-Croatian	borrowed		
pajtás	3109	unclassified	Ottoman Turkish	borrowed		
föderáció	3104	modern	German	borrowed		
szlogen	3091	modern	English	borrowed		
inzulin	3088	modern	English	borrowed		
csárda	3074	unclassified	Ottoman Turkish	borrowed		
reguláris	3074	modern	Late Latin	borrowed		
frontális	3060	modern	English|French|German	borrowed		
galád	3053	modern	Latin	borrowed		
páncél	3049	modern	German	borrowed		
lottó	3044	modern	Italian	borrowed		
karnevál	3042	modern	German	borrowed		
gang	3039	modern	German	borrowed		
pecsét	3023	ancient	Slavic languages|South Slavic languages	borrowed		
invázió	3015	modern	Latin	borrowed		
smink	3002	modern	German	borrowed		
ökör	3001	unclassified	Oghur languages	borrowed		
uborka	2993	ancient	Slovak	borrowed		
csúf	2985	modern	Italian	borrowed		
ceremónia	2980	modern	Latin	borrowed		
arisztokrata	2979	modern	German	borrowed		
menstruáció	2974	modern	Latin	borrowed		
izraelita	2964	modern	Latin	borrowed		
mandula	2952	modern	Italian	borrowed		
illusztráció	2950	modern	English	borrowed		
nárcisz	2943	modern	German	borrowed		
szkenner	2933	modern	English	borrowed		
navigáció	2924	modern	English	borrowed		
aszimmetrikus	2920	modern	German	borrowed		
kozák	2918	unclassified	Ukrainian	borrowed		
göndör	2909	ancient	South Slavic languages	borrowed		
pikk	2908	modern	German	borrowed		
migrén	2904	modern	German	borrowed		
rizikó	2904	modern	German	borrowed		
trón	2904	modern	German	borrowed		
szoknya	2903	ancient	Slavic languages	borrowed		
gráf	2899	modern	English	borrowed		
pszichoanalitikus	2899	modern	German	borrowed		
incidens	2898	modern	German	borrowed		
patika	2886	modern	Latin	borrowed		
mázsa	2879	modern	Italian	borrowed		
favorit	2877	modern	German	borrowed		
metafora	2872	modern	Latin	borrowed		
bicikli	2868	modern	German	borrowed		
konvencionális	2868	modern	German	borrowed		
transzformáció	2868	modern	English|German	borrowed		
traktor	2867	modern	German	borrowed		
varázsol	2865	ancient	Slovak|South Slavic languages	borrowed		
szimpátia	2864	modern	Latin	borrowed		
cserép	2860	ancient	South Slavic languages	borrowed		
pasa	2859	unclassified	Ottoman Turkish	borrowed		
casco	2854	modern	English|Spanish	borrowed		
szisztéma	2841	modern	Latin	borrowed		
ritmikus	2833	modern	Latin	borrowed		
szalma	2825	ancient	Slavic languages	borrowed		
vaku	2812	modern	German	borrowed		
kooperáció	2796	modern	Late Latin	borrowed		
farsang	2793	modern	German	borrowed		
keksz	2786	modern	German	borrowed		
kurta	2776	modern	Latin	borrowed		
státus	2771	modern	Latin	borrowed		
mocsár	2767	ancient	Slovak|South Slavic languages	borrowed		
málna	2765	ancient	Slavic languages	borrowed		
zsiráf	2760	unclassified	Austrian German	borrowed		
politológus	2746	modern	German	borrowed		
kuplung	2740	modern	German	borrowed		
túró	2739	ancient	Turkic languages	borrowed		
lándzsa	2730	modern	Italian	borrowed		
republikánus	2728	modern	English|French	borrowed		
kúp	2727	ancient	Serbo-Croatian|Slovene	borrowed		
realisztikus	2721	modern	German	borrowed		
kréta	2706	modern	Latin	borrowed		
plüss	2701	modern	German	borrowed		
léc	2697	modern	German	borrowed		
liberalizáció	2687	modern	German	borrowed		
bástya	2686	modern	Italian	borrowed		
anarchista	2668	modern	German	borrowed		
zarándok	2664	ancient	Slavic languages	borrowed		
szesz	2662	ancient	Turkic languages	borrowed		
elegancia	2661	modern	Latin	borrowed		
kád	2660	ancient	Slavic languages	borrowed		
dizájn	2649	modern	English	borrowed		
genetikus	2642	modern	English	borrowed		
csóka	2638	ancient	Slavic languages	borrowed		
létra	2634	modern	German	borrowed		
papagáj	2634	modern	German	borrowed		
szenzáció	2630	modern	German	borrowed		
poszter	2620	modern	English	borrowed		
rulett	2620	modern	German	borrowed		
aszteroida	2612	modern	English	borrowed		
telekommunikáció	2609	modern	English	borrowed		
inas	2605	ancient	Slavic languages	borrowed		
deli	2600	unclassified	Turkish	borrowed		
evidens	2600	modern	Latin	borrowed		
bébi	2589	modern	English	borrowed		
liliom	2575	modern	Latin	borrowed		
diktatórikus	2574	modern	German	borrowed		
borsó	2567	ancient	Turkic languages	borrowed		
embrió	2567	modern	Medieval Latin	borrowed		
spray	2557	modern	English	borrowed		
moha	2556	ancient	Slavic languages	borrowed		
monográfia	2548	modern	German	borrowed		
pék	2542	unclassified	Bavarian	borrowed		
monostor	2541	modern	Latin	borrowed		
sznob	2530	modern	English	borrowed		
gipsz	2525	modern	Latin	borrowed		
pedál	2522	modern	German	borrowed		
céh	2521	modern	Bavarian|German	borrowed		
zokni	2510	unclassified	Austrian German	borrowed		
tálca	2508	modern	Italian	borrowed		
trágya	2502	modern	Medieval Latin	borrowed		
kráter	2501	modern	Latin	borrowed		
anglikán	2496	modern	Medieval Latin	borrowed		
pragmatikus	2491	modern	Latin	borrowed		
fosszilis	2488	modern	Latin	borrowed		
eke	2486	ancient	Turkic languages	borrowed		
rum	2466	modern	German	borrowed		
hóhér	2462	unclassified	Bavarian	borrowed		
cifra	2461	modern	Medieval Latin	borrowed		
emigráció	2458	modern	Latin	borrowed		
manipuláció	2458	modern	Latin	borrowed		
konténer	2450	modern	English	borrowed		
etikett	2438	modern	German	borrowed		
injekció	2438	modern	Latin	borrowed		
trendi	2431	modern	English	borrowed		
tarifa	2427	modern	Italian	borrowed		
borostyán	2426	modern	German|Slavic languages	borrowed		
fiskális	2422	modern	New Latin	borrowed		
párkány	2417	modern	German	borrowed		
eposz	2414	modern	Latin	borrowed		
cink	2413	modern	German	borrowed		
plasztikus	2408	modern	German	borrowed		
róna	2403	ancient	Slovak	borrowed		
dogmatikus	2396	modern	German	borrowed		
fátyol	2390	modern	Italian	borrowed		
kender	2386	ancient	Turkic languages	borrowed		
konvergencia	2382	modern	Latin	borrowed		
kamilla	2377	modern	German	borrowed		
huncut	2375	modern	German	borrowed		
kajak	2373	unclassified	Inuktitut	borrowed		
koktél	2372	modern	English	borrowed		
analógia	2371	modern	Latin	borrowed		
konverter	2371	modern	English	borrowed		
statisztikus	2344	modern	New Latin	borrowed		
margarin	2341	modern	German	borrowed		
pneumatikus	2336	modern	English	borrowed		
szuverenitás	2336	modern	French	borrowed		
migráció	2334	modern	Latin	borrowed		
szendvics	2327	modern	English	borrowed		
bakteriális	2322	modern	New Latin	borrowed		
eretnek	2321	modern	French|Italian	borrowed		
dajka	2309	ancient	Slavic languages	borrowed		
kvartett	2308	modern	German	borrowed		
schilling	2307	modern	German	borrowed		
inkvizíció	2303	modern	Latin	borrowed		
olló	2291	ancient	Danube Bulgar	borrowed		
pumpa	2289	modern	German	borrowed		
reláció	2280	modern	Late Latin	borrowed		
koreográfus	2277	modern	German	borrowed		
iker	2275	ancient	Turkic languages	borrowed		
bazár	2273	modern	German	borrowed		
mánia	2273	modern	Latin	borrowed		
konvenció	2272	modern	Latin	borrowed		
kályha	2253	modern	German	borrowed		
tárcsa	2250	unclassified	Middle High German	borrowed		
konszolidáció	2247	modern	French	borrowed		
hobbit	2237	modern	English	borrowed|orthographic		
pestis	2230	modern	Latin	borrowed		
koporsó	2211	ancient	Turkic languages	borrowed		
üröm	2211	unclassified	Volga Bulgar	borrowed		
ürge	2201	ancient	Turkic languages	borrowed		
orientáció	2200	modern	French	borrowed		
stádium	2200	modern	Latin	borrowed		
metaforikus	2197	modern	German	borrowed		
spekuláció	2193	modern	German	borrowed		
árkád	2188	modern	French	borrowed		
importőr	2184	modern	French	borrowed		
vakáció	2180	modern	Latin	borrowed		
gránit	2178	modern	German	borrowed		
repertoár	2175	modern	French	borrowed		
rítus	2171	modern	Latin	borrowed		
patkó	2167	ancient	Slavic languages	borrowed		
kanca	2161	ancient	Slavic languages	borrowed		
mikroszkóp	2154	modern	English	borrowed		
hamburger	2151	modern	English	borrowed|orthographic		
rongy	2151	ancient	Turkic languages	borrowed		
klasszis	2137	modern	Latin	borrowed		
lámpás	2136	modern	Latin	borrowed		
bilincs	2134	ancient	Turkic languages	borrowed		
pimasz	2130	unclassified	Romani	borrowed		
unoka	2127	ancient	Slavic languages	borrowed		
bukta	2118	ancient	Slovak	borrowed		
kompresszor	2114	modern	English	borrowed		
interpretáció	2108	modern	Latin	borrowed		
nonstop	2104	modern	English	borrowed|orthographic		
detonáció	2103	modern	German	borrowed		
haiku	2101	modern	Japanese	borrowed		
csóró	2098	unclassified	Romani	borrowed		
petrezselyem	2090	modern	Medieval Latin	borrowed		
mandarin	2087	modern	German	borrowed		
dramaturg	2082	modern	German	borrowed		
kompenzáció	2072	modern	Latin	borrowed		
amfetamin	2063	modern	English	borrowed		
kotta	2051	modern	Latin	borrowed		
csipke	2049	ancient	Bulgarian|Slovak	borrowed		
mutáció	2046	modern	Latin	borrowed		
kardinális	2042	modern	Latin	borrowed		
engedélyez	2036	modern	English	semantic		
tűr	2033	ancient	Turkic languages	borrowed		
dzsessz	2031	modern	English	borrowed		
rost	2031	modern	German	borrowed		
szecesszió	2022	modern	German	borrowed		
görcs	2021	ancient	Slavic languages|South Slavic languages	borrowed		
etnikum	2015	modern	New Latin	borrowed		
provokáció	2013	modern	Latin	borrowed		
borjú	2008	unclassified	Oghur languages	borrowed		
frenetikus	2008	modern	German	borrowed		
konklúzió	2006	modern	Latin	borrowed		
gesztenye	2004	modern	German	borrowed		
frizura	2002	modern	German	borrowed		
kőr	2002	modern	French	borrowed		
konkoly	1997	ancient	Slavic languages	borrowed		
whisky	1996	modern	English	borrowed		
financiális	1991	modern	German	borrowed		
raj	1990	ancient	Slavic languages	borrowed		
rozsda	1987	ancient	Bulgarian	borrowed		
fotel	1975	modern	German	borrowed		
kolónia	1971	modern	Latin	borrowed		
gém	1970	modern	English	borrowed		
misszionárius	1970	unclassified	Austrian German	borrowed		
csalán	1960	ancient	Turkic languages	borrowed		
ágens	1954	modern	German	borrowed		
tulipán	1947	modern	German|Italian	borrowed		
dosszié	1946	modern	French	borrowed		
nátrium	1945	modern	New Latin	borrowed		
kukac	1937	ancient	Serbo-Croatian	borrowed		
tangó	1931	modern	German	borrowed		
ribizli	1925	unclassified	Austrian German	borrowed		
marginális	1924	modern	Latin	borrowed|learned		
melankolikus	1915	modern	Latin	borrowed		
kakaó	1914	modern	Spanish	borrowed		
vízió	1906	modern	Latin	borrowed		
termál	1902	modern	German	borrowed		
csermely	1898	ancient	Slavic languages	borrowed		
tranzisztor	1884	modern	English	borrowed		
akrobatikus	1881	modern	German	borrowed		
krokodil	1876	modern	Latin	borrowed		
kromoszóma	1865	modern	English	borrowed		
fotográfus	1863	modern	German	borrowed		
egzisztencia	1862	modern	Medieval Latin	borrowed		
sematikus	1861	modern	German	borrowed		
zseb	1860	unclassified	Ottoman Turkish	borrowed		
szúnyog	1855	ancient	Turkic languages	borrowed		
arborétum	1851	modern	Latin	borrowed|learned		
kupac	1849	ancient	Serbo-Croatian	borrowed		
rája	1848	modern	Latin	borrowed		
cin	1842	modern	German	borrowed		
boka	1840	ancient	Turkic languages	borrowed		
gondola	1835	modern	Italian	borrowed		
kuriózum	1828	modern	Latin	borrowed		
duda	1814	ancient	Slavic languages	borrowed		
párna	1814	ancient	Slavic languages	borrowed		
rusztikus	1814	modern	Latin	borrowed		
pálca	1809	ancient	Slavic languages	borrowed		
urán	1804	modern	German	borrowed		
basa	1801	unclassified	Ottoman Turkish	borrowed		
ideál	1800	modern	German	borrowed		
bolha	1799	ancient	Slavic languages	borrowed		
parfüm	1799	modern	German	borrowed		
allegorikus	1795	modern	Latin	borrowed		
szapora	1795	ancient	Slavic languages	borrowed		
múzsa	1792	modern	Latin	borrowed		
dinnye	1791	ancient	Slavic languages	borrowed		
pléh	1790	modern	German	borrowed		
kóser	1788	unclassified	Yiddish	borrowed		
kánikula	1775	modern	Latin	borrowed		
refrén	1772	modern	French	borrowed		
palacsinta	1769	unclassified	Romanian	borrowed		
csákány	1768	ancient	Slavic languages|Turkic languages	borrowed		
levendula	1763	modern	Medieval Latin	borrowed		
disszertáció	1762	modern	New Latin	borrowed		
presztízs	1760	modern	French	borrowed		
fatális	1756	modern	Latin	borrowed		
akusztika	1751	modern	German	borrowed		
burok	1751	ancient	Turkic languages	borrowed		
konföderáció	1738	modern	German	borrowed		
dekoráció	1726	modern	Latin	borrowed		
rezisztencia	1722	modern	New Latin	borrowed		
katartikus	1720	modern	German	borrowed		
füge	1717	unclassified	Venetan	borrowed		
goromba	1716	ancient	Slavic languages	borrowed		
vagon	1715	modern	German	borrowed		
fundamentális	1711	modern	German	borrowed		
nonszensz	1711	modern	English	borrowed		
centrifuga	1710	modern	English|French	borrowed		
lavina	1703	modern	German	borrowed		
manus	1703	unclassified	Romani	borrowed		
örvény	1700	ancient	Turkic languages	borrowed		
lobbi	1695	modern	English	borrowed		
operáció	1692	modern	Latin	borrowed		
rozs	1691	ancient	Slavic languages	borrowed		
interakció	1690	modern	English	borrowed		
intuíció	1687	modern	New Latin	borrowed		
pálma	1687	modern	Latin	borrowed		
bivaly	1685	ancient	South Slavic languages	borrowed		
palánk	1675	unclassified	Middle High German	borrowed		
ketrec	1674	ancient	Slovak	borrowed		
gatya	1672	ancient	Serbo-Croatian	borrowed		
ráció	1669	modern	Latin	borrowed		
kalász	1662	ancient	Slovak|South Slavic languages	borrowed		
makró	1660	modern	English	borrowed		
agresszivitás	1659	modern	French	borrowed		
pocok	1659	ancient	East Slavic languages	borrowed		
arisztokratikus	1657	modern	German	borrowed		
szamóca	1648	ancient	Slovene	borrowed		
sampon	1644	unclassified	Austrian German	borrowed		
agility	1637	modern	English	borrowed|orthographic		
cseléd	1635	ancient	Slavic languages	borrowed		
barack	1625	ancient	Slavic languages|West Slavic languages	borrowed		
dettó	1624	unclassified	Austrian German	borrowed		
gerenda	1622	ancient	Slavic languages	borrowed		
promóció	1611	modern	English	borrowed		
szekvencia	1611	modern	Latin	borrowed		
bután	1604	modern	German	borrowed		
tisztel	1597	ancient	Slavic languages	borrowed		
cimbora	1594	unclassified	Romanian	borrowed		
provinciális	1588	modern	Latin	borrowed		
puma	1583	modern	German	borrowed		
légió	1581	modern	Latin	borrowed		
analfabéta	1578	modern	German	borrowed		
poligon	1575	modern	German	borrowed		
poliészter	1568	modern	German	borrowed		
vegetáció	1567	modern	English|German	borrowed		
matróz	1566	modern	German	borrowed		
perspektivikus	1566	modern	German	borrowed		
ösztrogén	1561	modern	German	borrowed		
paplan	1558	ancient	Byzantine Greek	borrowed		
objektivitás	1557	modern	German	borrowed		
pulzus	1552	modern	Latin	borrowed		
tus	1547	modern	French|German	borrowed		
montázs	1541	modern	German	borrowed		
atléta	1538	modern	Latin	borrowed		
puding	1531	modern	English	borrowed		
gardrób	1525	modern	German	borrowed		
gerezd	1518	ancient	South Slavic languages	borrowed		
sorompó	1515	unclassified	Bavarian	borrowed		
blöff	1513	modern	English	borrowed		
intervenció	1513	modern	Latin	borrowed		
interpelláció	1503	modern	Latin	borrowed		
mikroszkopikus	1500	modern	English	borrowed		
lóvé	1499	unclassified	Romani	borrowed		
desszert	1498	modern	German	borrowed		
roller	1491	modern	German	borrowed		
poéta	1487	modern	Latin	borrowed		
diszkréció	1482	modern	German	borrowed		
decentralizáció	1481	modern	German	borrowed		
patrióta	1480	modern	Latin	borrowed|learned		
repce	1480	ancient	Slovak	borrowed		
gyanta	1478	modern	Medieval Latin	borrowed		
tahó	1472	unclassified	Hebrew	borrowed		
giccs	1471	modern	German	borrowed		
viasz	1471	ancient	Serbo-Croatian|Slovene	borrowed		
fáklya	1470	modern	Latin	borrowed		
grafológia	1470	modern	English	borrowed		
erózió	1468	modern	Latin	borrowed		
kenguru	1466	modern	English	borrowed		
préda	1466	modern	Latin	borrowed		
piton	1465	modern	Latin	borrowed		
reprodukció	1465	modern	German	borrowed		
csat	1458	ancient	Turkic languages	borrowed		
vekker	1456	modern	German	borrowed		
recenzió	1451	modern	Latin	borrowed		
aga	1444	unclassified	Ottoman Turkish	borrowed		
iga	1437	ancient	Slavic languages	borrowed		
randevú	1433	modern	German	borrowed		
bestia	1432	modern	Latin	borrowed		
grafit	1432	modern	German	borrowed		
anekdota	1425	modern	French|German	borrowed		
bálvány	1422	ancient	Slavic languages	borrowed		
szála	1420	modern	Italian	borrowed		
virsli	1420	unclassified	Austrian German	borrowed		
paranormális	1416	modern	Latin	borrowed		
hörcsög	1412	ancient	South Slavic languages|West Slavic languages	borrowed		
gleccser	1410	modern	German	borrowed		
picsa	1409	ancient	South Slavic languages|West Slavic languages	borrowed		
ól	1405	ancient	Turkic languages	borrowed		
szankció	1402	modern	Latin	borrowed		
fals	1401	unclassified	Middle High German	borrowed		
piskóta	1397	modern	German	borrowed		
verda	1397	unclassified	Romani	borrowed		
filc	1394	modern	German	borrowed		
pozitivista	1394	modern	German	borrowed		
higiénikus	1390	modern	German	borrowed		
immanens	1386	modern	Late Latin	borrowed|learned		
korreláció	1385	modern	Latin	borrowed		
bagázs	1381	modern	German	borrowed		
lej	1381	unclassified	Romanian	borrowed		
blogger	1380	modern	English	borrowed|orthographic		
pogácsa	1371	ancient	South Slavic languages	borrowed		
léha	1370	ancient	Slovak	borrowed		
kunyhó	1363	ancient	Serbo-Croatian	borrowed		
gengszter	1360	modern	English	borrowed		
pelenka	1360	unclassified	Ukrainian	borrowed		
jaguár	1358	modern	German	borrowed		
bicska	1357	ancient	Serbo-Croatian	borrowed		
indukció	1357	modern	German	borrowed		
agglomeráció	1356	modern	English	borrowed		
furulya	1347	unclassified	Romanian	borrowed		
szalámi	1347	modern	Italian	borrowed		
csemete	1339	modern	Italian	borrowed		
karakterisztikus	1339	modern	German	borrowed		
brutalitás	1337	modern	New Latin	borrowed		
inspiráció	1337	modern	Latin	borrowed		
koncentrikus	1335	modern	German	borrowed		
differencia	1322	modern	Latin	borrowed		
szoszo	1322	modern	German	borrowed		
borát	1319	modern	German	borrowed		
diszpécser	1319	modern	Russian	borrowed		
elliptikus	1319	modern	German	borrowed		
partikuláris	1311	modern	Latin	borrowed		
improvizáció	1307	modern	French	borrowed		
tónus	1307	modern	Latin	borrowed		
ópium	1304	modern	Latin	borrowed		
szegregáció	1302	modern	English	borrowed		
kolera	1301	modern	Latin	borrowed		
fluktuáció	1291	modern	Latin	borrowed		
gránát	1291	modern	German	borrowed		
tombola	1289	modern	Italian	borrowed		
lucerna	1274	modern	German	borrowed		
kifli	1273	modern	German	borrowed		
interferencia	1270	modern	New Latin	borrowed		
áfonya	1268	unclassified	Romanian	borrowed		
tatu	1267	modern	French	borrowed		
sztenderd	1264	modern	English	borrowed		
pór	1258	unclassified	Bavarian	borrowed		
perec	1257	modern	German	borrowed		
pakli	1253	modern	German	borrowed		
hodzsa	1252	unclassified	Ottoman Turkish	borrowed		
jód	1247	modern	German	borrowed		
dominancia	1246	modern	Late Latin	borrowed		
hecsedli	1245	unclassified	Bavarian	borrowed		
agár	1243	ancient	West Slavic languages	borrowed		
geográfus	1240	modern	German	borrowed		
fóka	1239	modern	Latin	borrowed		
sakál	1234	modern	German	borrowed		
zenit	1234	modern	German	borrowed		
hipnózis	1228	modern	Latin	borrowed		
boróka	1227	ancient	Slovak	borrowed		
copf	1223	modern	German	borrowed		
utópisztikus	1221	modern	English	borrowed		
szlalom	1219	modern	German	borrowed		
póz	1211	modern	German	borrowed		
szösz	1209	unclassified	Oghur languages	borrowed		
brácsa	1206	modern	German	borrowed		
angina	1196	modern	Latin	borrowed		
garabonciás	1195	modern	Italian	borrowed		
komornyik	1195	ancient	Czech|Slovak	borrowed		
hóra	1193	unclassified	Romanian	borrowed		
deklaráció	1192	modern	Latin	borrowed		
pulóver	1192	modern	English	borrowed		
spániel	1186	modern	English	borrowed		
fácán	1182	modern	Italian	borrowed		
asszociáció	1181	modern	English	borrowed		
urbánus	1181	modern	Latin	borrowed		
urbanizáció	1175	modern	German	borrowed		
ejakuláció	1172	modern	Latin	borrowed		
kanóc	1172	modern	Czech|German|Slovak	borrowed		
bodza	1166	ancient	Slavic languages	borrowed		
excentrikus	1166	modern	German	borrowed		
limonádé	1166	modern	German	borrowed		
cérna	1164	modern	German	borrowed		
klór	1160	modern	German	borrowed		
ereklye	1159	modern	Italian	borrowed		
metán	1152	modern	German	borrowed		
balzsam	1145	modern	German	borrowed		
nikkel	1144	modern	German	borrowed		
kategorikus	1140	modern	German	borrowed		
skanzen	1139	modern	Swedish	borrowed		
inkorrekt	1136	modern	German	borrowed		
kurátor	1136	modern	Latin	borrowed		
axióma	1133	modern	Latin	borrowed		
juhar	1133	ancient	Slavic languages	borrowed		
grammatika	1129	modern	Latin	borrowed		
dióda	1128	modern	German	borrowed		
rosta	1128	ancient	Slavic languages	borrowed		
kőris	1125	ancient	Turkic languages	borrowed		
kvarc	1123	modern	German	borrowed		
zsolozsma	1123	ancient	Slavic languages	borrowed		
precizitás	1120	modern	French	borrowed		
rece	1120	modern	Italian	borrowed		
bölcső	1119	ancient	Turkic languages	borrowed		
tarsoly	1119	modern	Bavarian|German	borrowed		
jiddis	1116	unclassified	Yiddish	borrowed		
berek	1111	ancient	Slavic languages	borrowed		
peron	1109	modern	German	borrowed		
intellektus	1106	modern	Latin	borrowed		
galagonya	1105	ancient	Slavic languages	borrowed		
bombasztikus	1101	modern	German	borrowed		
palást	1099	ancient	Bulgarian|Serbo-Croatian	borrowed		
príma	1095	modern	German	borrowed		
krajcár	1091	modern	German	borrowed		
gólem	1084	unclassified	Hebrew	borrowed		
zselé	1082	modern	French|German	borrowed		
orsó	1081	ancient	Turkic languages	borrowed		
pláza	1080	modern	Spanish	borrowed		
polihisztor	1078	modern	English	borrowed		
sztráda	1073	modern	Italian	borrowed		
immunitás	1070	modern	Latin	borrowed		
ketchup	1067	modern	English	borrowed		
tragikomikus	1067	modern	German	borrowed		
komplexitás	1066	modern	Latin	borrowed		
cimbalom	1063	modern	Latin	borrowed		
strófa	1049	modern	Latin	borrowed		
izgága	1044	ancient	Slavic languages	borrowed		
lösz	1044	modern	German	borrowed		
moll	1044	modern	German	borrowed		
halogén	1043	modern	English|German	borrowed		
menta	1043	modern	Latin	borrowed		
hermetikus	1035	modern	Medieval Latin	borrowed		
irreleváns	1034	modern	Latin	borrowed		
polyák	1030	unclassified	Polish	borrowed		
dúr	1026	modern	German	borrowed		
karfiol	1026	unclassified	Austrian German	borrowed		
konvoj	1026	modern	English	borrowed		
cédula	1025	modern	Medieval Latin	borrowed		
karburátor	1023	modern	English	borrowed		
anakronisztikus	1022	modern	German	borrowed		
gúla	1022	modern	Italian	borrowed		
cionizmus	1017	modern	English	borrowed		
hárfa	1016	modern	German	borrowed		
mangalica	1016	ancient	Serbo-Croatian	borrowed		
szósz	1014	modern	German	borrowed		
borotva	1011	ancient	Slavic languages	borrowed		
rúzs	1003	modern	French	borrowed		
óda	1003	modern	Latin	borrowed		
ankét	1000	modern	German	borrowed		
metafizikus	1000	modern	Latin	borrowed		
radioaktivitás	1000	modern	German	borrowed		
kuvasz	994	ancient	Turkic languages	borrowed		
amulett	989	modern	Latin	borrowed		
stopli	989	unclassified	Austrian German	borrowed		
oxidáció	987	modern	German	borrowed		
ambíció	986	modern	Latin	borrowed		
teker	984	ancient	Turkic languages	borrowed		
mázli	981	unclassified	Yiddish	borrowed		
tallér	981	modern	German	borrowed		
módi	979	modern	German|Viennese German	borrowed		
köböl	978	unclassified	Middle High German	borrowed		
padlizsán	978	ancient	Bulgarian	borrowed		
parázna	978	unclassified	Czech	borrowed		
máz	974	ancient	Slavic languages	borrowed		
mani	970	modern	English	borrowed		
rezidencia	966	modern	Late Latin	borrowed		
zsemle	963	unclassified	Middle High German	borrowed		
pacemaker	957	modern	English	borrowed		
tabulátor	957	modern	German	borrowed		
bazsalikom	954	modern	Medieval Latin	borrowed		
mokka	953	modern	German	borrowed		
akupunktúra	950	modern	New Latin	borrowed		
tröszt	950	modern	English	borrowed		
müzli	947	modern	German	borrowed		
ladik	939	ancient	Bulgarian	borrowed		
vályog	939	ancient	Slovak|Ukrainian	borrowed		
mimóza	938	modern	Latin	borrowed		
neurózis	936	modern	Latin	borrowed		
akvarell	935	modern	German	borrowed		
kánya	931	ancient	Slavic languages	borrowed		
cián	930	modern	German	borrowed		
dömping	927	modern	English	borrowed		
fülemüle	924	modern	Latin	borrowed		
esszencia	923	modern	Latin	borrowed		
terc	917	modern	German	borrowed		
alga	915	modern	Latin	borrowed|learned		
spicli	915	modern	German	borrowed		
komplikáció	912	modern	Latin	borrowed		
sál	912	modern	German	borrowed		
blúz	910	modern	French|German	borrowed		
buzogány	908	ancient	Turkic languages	borrowed		
furmint	907	unclassified	Middle French	borrowed		
karó	907	ancient	Turkic languages	borrowed		
diplomatikus	904	modern	French	borrowed		
pergamen	901	modern	German|Medieval Latin	borrowed		
ovuláció	900	modern	Latin	borrowed		
érc	899	modern	German	borrowed		
frusztráció	897	modern	New Latin	borrowed		
infúzió	895	modern	Latin	borrowed		
tőzsér	895	unclassified	Middle High German	borrowed		
karantén	893	modern	French	borrowed		
panama	893	modern	German	borrowed		
menza	892	modern	Latin	borrowed		
fotoszintézis	890	modern	English	borrowed		
gyapot	889	ancient	Turkic languages	borrowed		
rusnya	887	ancient	Serbo-Croatian	borrowed		
expresszionista	886	modern	German	borrowed		
razzia	885	modern	German	borrowed		
köldök	883	ancient	Turkic languages	borrowed		
szalamandra	881	modern	Latin	borrowed		
tapló	878	ancient	Turkic languages	borrowed		
juss	877	modern	Latin	borrowed		
hám	873	modern	German	borrowed		
méta	873	modern	Latin	borrowed		
relikvia	871	modern	Italian	borrowed		
kontinuitás	869	modern	Latin	borrowed		
perjel	869	modern	German	borrowed		
ballisztikus	867	modern	English	borrowed		
kenéz	866	ancient	South Slavic languages	borrowed		
sikk	865	modern	French	borrowed		
orientális	864	modern	Latin	borrowed		
turbina	864	modern	German	borrowed		
koherencia	862	modern	Latin	borrowed|learned		
temperamentum	861	modern	Latin	borrowed		
bogrács	860	unclassified	Ottoman Turkish	borrowed		
penész	858	ancient	Slavic languages	borrowed		
azbeszt	855	modern	Latin	borrowed		
abbé	854	modern	French	borrowed		
szamizdat	851	modern	Russian	borrowed		
zsivány	843	unclassified	Ottoman Turkish	borrowed		
bátya	841	ancient	Slavic languages	borrowed		
pupilla	838	modern	Latin	borrowed		
bakter	837	modern	German	borrowed		
instabilitás	835	modern	English	borrowed		
puccs	835	modern	German	borrowed		
páfrány	835	ancient	Slavic languages	borrowed		
jászol	834	ancient	Slavic languages	borrowed		
posztó	834	ancient	Slavic languages	borrowed		
tortúra	834	modern	Latin	borrowed		
endokrin	833	modern	English	borrowed		
glükóz	831	modern	English	borrowed		
imám	831	unclassified	Ottoman Turkish	borrowed		
nirvána	829	unclassified	Sanskrit	borrowed		
átrium	828	modern	Latin	borrowed		
inspirál	827	modern	Latin	borrowed		
sánc	825	modern	Bavarian|German	borrowed		
marcipán	823	modern	German	borrowed		
túzok	823	ancient	Turkic languages	borrowed		
cégér	822	modern	German	borrowed		
korbács	821	unclassified	Ottoman Turkish	borrowed		
ekvivalencia	819	modern	New Latin	borrowed		
interferon	819	modern	English	borrowed		
pánt	819	unclassified	Austrian German	borrowed		
brokkoli	814	modern	Italian	borrowed		
dara	814	ancient	Turkic languages	borrowed		
seriff	812	modern	English	borrowed		
rumba	809	modern	Spanish	borrowed		
gallér	806	modern	German	borrowed		
infekció	805	modern	Latin	borrowed		
instrukció	802	modern	Latin	borrowed		
expresszionizmus	799	modern	German	borrowed		
spontaneitás	798	modern	Latin	borrowed		
moly	796	ancient	Slavic languages	borrowed		
ováció	795	modern	Latin	borrowed		
kolosszális	789	modern	New Latin	borrowed		
csakra	788	modern	English	borrowed		
honorárium	788	modern	Latin	borrowed		
revolver	788	modern	English	borrowed|orthographic		
szulák	786	ancient	Slavic languages|South Slavic languages	borrowed		
suszter	780	modern	German	borrowed		
muskátli	779	unclassified	Bavarian	borrowed		
sörét	779	unclassified	Bavarian	borrowed		
fúga	773	modern	Italian	borrowed		
zabál	770	ancient	Slavic languages	borrowed		
szekularizáció	769	modern	German	borrowed		
bölény	766	ancient	Turkic languages	borrowed		
ofszet	765	modern	English	borrowed		
petíció	765	modern	Latin	borrowed		
integritás	762	modern	Latin	borrowed		
sitt	761	modern	German	borrowed		
köpönyeg	759	ancient	Turkic languages	borrowed		
lugas	759	modern	Italian	borrowed		
rögbi	758	modern	English	borrowed		
tepsi	758	unclassified	Ottoman Turkish	borrowed		
csősz	756	unclassified	Pecheneg	borrowed		
poétika	756	modern	Latin	borrowed		
kuncsaft	752	modern	German	borrowed		
passzivitás	749	modern	German	borrowed		
szűr	748	ancient	Turkic languages	borrowed		
trombózis	748	modern	New Latin	borrowed		
bootol	747	modern	English	borrowed		
indiszkrét	747	modern	German	borrowed		
sztereotípia	747	modern	German	borrowed		
butik	746	modern	French	borrowed		
csipa	742	ancient	Turkic languages	borrowed		
jácint	738	modern	Latin	borrowed		
katéter	736	modern	English	borrowed		
dívány	735	unclassified	Ottoman Turkish	borrowed		
aszkéta	730	unclassified	Ancient Greek	borrowed		
ugar	730	ancient	Slavic languages	borrowed		
embargó	729	modern	Spanish	borrowed		
ostya	728	modern	Latin	borrowed		
nyavalya	726	ancient	Slavic languages	borrowed		
hiperbolikus	725	modern	English	borrowed		
katlan	715	ancient	Slavic languages	borrowed		
obeliszk	714	modern	German	borrowed		
prés	714	unclassified	Austrian German	borrowed		
garat	712	ancient	Slavic languages	borrowed		
demográfia	709	modern	English	borrowed		
pubertás	709	modern	Latin	borrowed|learned		
véna	709	modern	Latin	borrowed		
giliszta	708	ancient	Slavic languages	borrowed		
póker	707	modern	English	borrowed		
morfológia	706	modern	English	borrowed		
ária	703	modern	Italian	borrowed		
tunya	702	ancient	Serbo-Croatian	borrowed		
dekrétum	701	modern	Latin	borrowed		
medikus	700	modern	Latin	borrowed		
szuterén	696	modern	German	borrowed		
papiros	694	modern	Latin	borrowed		
mogul	693	modern	English	borrowed		
kivi	692	modern	English	borrowed		
loggia	691	modern	Italian	borrowed		
galuska	689	unclassified	Polish	borrowed		
gepida	682	modern	Latin	borrowed		
tojik	682	ancient	Turkic languages	borrowed		
imponál	679	modern	Latin	borrowed		
autoriter	677	modern	French	borrowed		
portéka	675	modern	German	borrowed		
karám	674	ancient	Turkic languages	borrowed		
melódia	674	modern	Medieval Latin	borrowed		
zselatin	673	modern	French	borrowed		
textus	670	modern	Latin	borrowed		
bordély	668	modern	Italian	borrowed		
pallos	668	unclassified	Turkish	borrowed		
kompresszió	667	modern	Latin	borrowed		
kreál	667	modern	Latin	borrowed		
szabotázs	666	modern	German	borrowed		
szufla	666	modern	French|Romanian	borrowed		
fess	664	unclassified	Viennese German	borrowed		
plató	664	modern	French	borrowed		
didaktika	659	modern	German	borrowed		
zeke	658	modern	German	borrowed		
gerilla	656	modern	Spanish	borrowed		
snitt	655	modern	German	borrowed		
cékla	653	ancient	Slavic languages|South Slavic languages	borrowed		
katana	653	modern	Japanese	borrowed		
mauzóleum	652	modern	Latin	borrowed		
klorid	651	modern	German	borrowed		
lítium	650	modern	Latin	borrowed		
minaret	650	modern	French	borrowed		
klappol	649	modern	German	borrowed		
barázda	648	ancient	South Slavic languages	borrowed		
karalábé	646	unclassified	Bavarian	borrowed		
pint	645	modern	Bavarian|German	borrowed		
dzseki	644	modern	English	borrowed		
centralizáció	642	modern	German	borrowed		
kazal	642	ancient	Slovak	borrowed		
parittya	641	ancient	Serbo-Croatian|Slovene	borrowed		
dzsentri	640	modern	English	borrowed		
karvaly	640	ancient	Turkic languages	borrowed		
kerevet	639	unclassified	Ottoman Turkish	borrowed		
szenzitív	639	modern	German	borrowed		
likőr	638	modern	German	borrowed		
bankó	637	modern	German	borrowed		
gázsi	636	modern	German	borrowed		
pecsenye	636	ancient	Slavic languages	borrowed		
zsenialitás	633	modern	German	borrowed		
erekció	631	modern	Latin	borrowed		
böhöm	629	unclassified	Yiddish	borrowed		
kanyaró	629	ancient	Turkic languages	borrowed		
kókusz	629	modern	German	borrowed		
kritizál	627	modern	German	borrowed		
kóborol	624	unclassified	Middle High German	borrowed		
lapocka	621	ancient	Slavic languages	borrowed		
pragmatizmus	620	modern	English	borrowed		
lótusz	616	modern	Latin	borrowed		
póni	612	modern	English	borrowed		
kalitka	611	ancient	Slavic languages	borrowed		
dzsem	608	modern	English	borrowed		
oboa	607	modern	French	borrowed		
bojler	602	modern	English	borrowed		
affér	600	modern	French|German	borrowed		
filológus	599	modern	German	borrowed		
góré	599	unclassified	Romani	borrowed		
kovalens	599	modern	English	borrowed		
mazsorett	599	modern	English	borrowed		
poliéder	599	modern	German	borrowed		
fruktóz	596	modern	German	borrowed		
kajszi	593	unclassified	Ottoman Turkish	borrowed		
saru	593	ancient	Turkic languages	borrowed		
laktóz	592	modern	German	borrowed		
szajkó	590	ancient	Slavic languages	borrowed		
fonetika	586	modern	Latin	borrowed		
cetli	585	modern	German	borrowed		
diszperzió	585	modern	Latin	borrowed		
onkológia	583	modern	Latin	borrowed		
szimbiózis	579	modern	New Latin	borrowed		
fuga	577	modern	German	borrowed		
zodiákus	574	modern	Latin	borrowed		
pingpong	572	modern	English	borrowed		
plágium	572	modern	Latin	borrowed		
budi	571	modern	German	borrowed		
jegenye	571	ancient	Serbo-Croatian|Slovene	borrowed		
mankó	570	modern	Italian	borrowed		
csicska	569	unclassified	Ukrainian	borrowed		
ácsi	568	unclassified	Romani	borrowed		
lucfenyő	567	ancient	Serbo-Croatian	borrowed		
ampulla	566	modern	Latin	borrowed		
reformátor	566	modern	Latin	borrowed		
sóder	566	modern	Bavarian|German	borrowed		
rabol	565	modern	German	borrowed		
pitvar	560	ancient	Slavic languages	borrowed		
abrosz	557	modern	New Latin|Slavic languages	borrowed|semantic		
strici	555	modern	German	borrowed		
koh	552	unclassified	Middle High German	borrowed		
cilinder	551	modern	German	borrowed		
skatulya	549	modern	Italian	borrowed		
tuberkulózis	549	modern	New Latin	borrowed		
lajhár	546	unclassified	Bavarian	borrowed		
bibe	545	modern	Latin	semantic		
princ	542	modern	German	borrowed		
manöken	541	modern	French	borrowed		
hámor	540	unclassified	Middle High German	borrowed		
metodista	539	modern	English	borrowed		
zsindely	538	modern	German	borrowed		
sróf	536	modern	German	borrowed		
bridzs	534	modern	English	borrowed		
dzsámi	533	unclassified	Ottoman Turkish	borrowed		
majoránna	530	modern	Medieval Latin	borrowed		
teknő	529	ancient	Turkic languages	borrowed		
vályú	528	ancient	Turkic languages	borrowed		
seper	527	ancient	Turkic languages	borrowed		
bóvli	526	unclassified	Yiddish	borrowed		
nó	521	modern	Japanese	borrowed		
poroszló	521	ancient	South Slavic languages	borrowed		
indigó	517	modern	German	borrowed		
jeti	514	modern	English	borrowed		
slussz	514	modern	German	borrowed		
karaj	512	ancient	Slavic languages	borrowed		
mecenatúra	512	modern	New Latin	borrowed		
anekdotikus	511	modern	German	borrowed		
totalitarizmus	511	modern	German	borrowed		
dalia	509	ancient	Serbo-Croatian	borrowed		
sikátor	508	modern	Latin	borrowed		
ozmózis	505	modern	Latin	borrowed		
nejlon	504	modern	English	borrowed		
blende	503	modern	German	borrowed		
csalit	503	ancient	Turkic languages	borrowed		
etnográfus	499	modern	German	borrowed		
kubista	499	modern	German	borrowed		
murva	499	ancient	Slavic languages	borrowed		
pedikűr	499	modern	German	borrowed		
pozitron	499	modern	English	borrowed		
katód	496	modern	German	borrowed		
omnibusz	494	modern	German	borrowed		
bisztró	493	modern	French|German	borrowed		
sántikál	493	ancient	Slavic languages	borrowed		
janicsár	491	unclassified	Ottoman Turkish	borrowed		
koksz	491	modern	German	borrowed		
datolya	489	modern	Italian	borrowed		
fenomén	488	modern	French|German	borrowed		
mályva	488	modern	Latin	borrowed		
kollázs	486	modern	French	borrowed		
zálog	484	ancient	Serbo-Croatian|Slavic languages	borrowed		
dekadencia	482	modern	French	borrowed		
maszturbáció	482	modern	Latin	borrowed		
modulus	480	modern	Latin	borrowed|learned		
lagúna	478	modern	German|Italian	borrowed		
kupleráj	476	modern	German	borrowed		
anarchikus	475	modern	German	borrowed		
papírmasé	475	modern	French|German	borrowed		
jáde	474	modern	German	borrowed		
manikűr	474	modern	French	borrowed		
pokla	474	ancient	Slavic languages	borrowed		
szerpentin	473	modern	German	borrowed		
izometrikus	469	modern	German	borrowed		
küllő	469	ancient	Turkic languages	borrowed		
osztriga	469	modern	Italian	borrowed		
stég	469	modern	German	borrowed		
ziccer	469	modern	German	borrowed		
prosperitás	468	modern	Latin	borrowed		
placc	467	modern	German	borrowed		
szulfát	467	modern	German	borrowed		
skaláris	465	modern	German	borrowed		
vétó	465	modern	Latin	borrowed		
lurkó	464	modern	Latin	borrowed		
stimuláció	464	modern	Latin	borrowed		
huligán	463	modern	German	borrowed		
kupica	463	ancient	Serbo-Croatian	borrowed		
lepényhal	462	ancient	Slavic languages	borrowed		
fagott	460	modern	German	borrowed		
agitáció	455	modern	German	borrowed		
articsóka	454	modern	Italian	borrowed		
talicska	454	modern	Russian|Ukrainian	borrowed		
abrak	452	ancient	Slavic languages	borrowed		
mustra	450	modern	Italian	borrowed		
cianid	449	modern	English	borrowed		
dekoltázs	449	modern	French	borrowed		
csip	448	modern	English	borrowed		
kioszk	448	modern	German	borrowed		
szavanna	445	modern	Spanish	borrowed		
abszorpció	444	modern	German	borrowed		
retesz	444	ancient	Slavic languages	borrowed		
mokány	443	unclassified	Romanian	borrowed		
testamentum	443	modern	Latin	borrowed		
abszurditás	440	modern	German	borrowed		
kégli	439	modern	German	borrowed		
krisztológia	438	modern	Latin	borrowed|learned		
kula	438	unclassified	Romani	borrowed		
poloska	438	unclassified	Czech	borrowed		
szalonka	438	unclassified	Polish	borrowed		
gázol	436	ancient	South Slavic languages	borrowed		
iteráció	436	modern	Latin	borrowed		
lakonikus	436	modern	Latin	borrowed		
vikárius	436	modern	Latin	borrowed		
tönkölybúza	434	unclassified	Bavarian	borrowed		
aikidó	431	modern	Japanese	borrowed		
brosúra	431	modern	German	borrowed		
geocentrikus	431	modern	English	borrowed		
tályog	430	ancient	South Slavic languages|West Slavic languages	borrowed		
albatrosz	429	modern	German	borrowed		
alifás	429	modern	German	borrowed		
akó	428	modern	Czech|Russian|Slovak	borrowed		
gally	428	ancient	Slavic languages	borrowed		
dákó	427	unclassified	Bavarian	borrowed		
baszik	426	ancient	Turkic languages	borrowed		
szinusz	426	modern	German	borrowed		
cech	425	modern	German	borrowed		
illusztrál	424	modern	German	borrowed		
oxid	424	modern	German	borrowed		
diktátum	423	modern	Latin	borrowed		
staféta	423	modern	German|Italian	borrowed		
inverzió	422	modern	Latin	borrowed		
artikuláció	421	modern	Latin	borrowed		
illusztrátor	421	modern	English	borrowed		
prológus	421	modern	Latin	borrowed		
abakusz	417	modern	Latin	borrowed		
nihilista	417	modern	German	borrowed		
kevlár	415	modern	English	borrowed		
csellista	414	modern	German	borrowed		
hajdina	414	ancient	Serbo-Croatian	borrowed		
antipatikus	413	modern	German	borrowed		
fiziológia	413	modern	Latin	borrowed		
krizantém	413	modern	German	borrowed		
bögöly	412	unclassified	Oghur languages	borrowed		
dzsip	412	modern	English	borrowed		
hidrosztatikus	409	modern	German	borrowed		
zabla	409	ancient	Slovene	borrowed		
diszkosz	408	modern	German|Latin	borrowed		
tájfun	408	modern	German	borrowed		
préri	407	modern	English	borrowed		
introvertált	406	modern	German	borrowed		
pazarol	406	ancient	Serbo-Croatian	borrowed		
eszpresszó	405	modern	Italian	borrowed		
logaritmus	404	modern	New Latin	borrowed		
kurzív	403	modern	German	borrowed		
nitrit	402	modern	German	borrowed		
aloé	401	modern	Latin	borrowed		
kantár	401	ancient	Turkic languages	borrowed		
klorofill	401	modern	English	borrowed		
pogrom	401	modern	Russian	borrowed		
snájdig	401	modern	German	borrowed		
apátia	400	modern	Latin	borrowed		
gallon	400	modern	English	borrowed		
geográfia	400	modern	Latin	borrowed		
komód	400	modern	German	borrowed		
krapek	398	ancient	Slovak	borrowed		
lump	398	modern	German	borrowed		
mumpsz	398	modern	English	borrowed		
antilop	396	modern	German	borrowed		
csór	394	unclassified	Romani	borrowed		
smasszer	394	unclassified	Yiddish	borrowed		
flexibilitás	392	modern	Latin	borrowed		
identifikáció	390	modern	English	borrowed		
seprő	387	unclassified	Volga Bulgar	borrowed		
zsemlye	385	unclassified	Middle High German	borrowed		
fertály	384	unclassified	Middle High German	borrowed		
prognosztizál	384	modern	German	borrowed		
tarló	381	ancient	Turkic languages	borrowed		
intonáció	380	modern	German	borrowed		
polemikus	378	modern	German	borrowed		
tarhonya	378	unclassified	Ottoman Turkish	borrowed		
aerodinamika	377	modern	German	borrowed		
laktáció	377	modern	Latin	borrowed		
muníció	376	modern	German	borrowed		
tárkony	375	modern	Medieval Latin	borrowed		
aceton	374	modern	German	borrowed		
serpenyő	372	modern	German|South Slavic languages	borrowed		
batyu	368	ancient	Slovak	borrowed		
blatt	368	modern	German	borrowed		
dedukció	368	modern	Latin	borrowed		
protekció	368	modern	Latin	borrowed		
rezeda	368	modern	Latin	borrowed		
disszidens	367	modern	German	borrowed		
fallosz	367	unclassified	Ancient Greek	borrowed		
bazsarózsa	366	ancient	South Slavic languages	borrowed		
pápista	366	modern	Latin	borrowed		
adiabatikus	364	modern	German	borrowed		
adszorpció	364	modern	German	borrowed		
jüan	362	unclassified	Mandarin	borrowed		
ficsúr	359	unclassified	Romanian	borrowed		
kalcit	359	modern	English	borrowed		
kozmetikum	358	modern	German	borrowed		
patologikus	358	modern	German	borrowed		
taekwondo	358	unclassified	Korean	borrowed		
queer	357	modern	English	borrowed		
kredenc	353	modern	German	borrowed		
bungaló	350	modern	English	borrowed		
vikunya	345	modern	Spanish	borrowed		
ekliptika	343	modern	Latin	borrowed		
patrícius	343	modern	Latin	borrowed		
absztinens	342	modern	Latin	borrowed		
burján	340	ancient	Slavic languages	borrowed		
epigramma	340	modern	German|Latin	borrowed		
szmoking	339	modern	French	borrowed		
aberráció	338	modern	Latin	borrowed		
mól	336	modern	English|German	borrowed		
trióda	336	modern	German	borrowed		
potroh	335	modern	Russian|Ukrainian	borrowed		
kollaboráns	334	modern	English|French	borrowed		
márna	334	ancient	Slovak|South Slavic languages	borrowed		
szeplő	333	ancient	Turkic languages	borrowed		
gerely	331	modern	German	borrowed		
anion	329	modern	German	borrowed		
fasírt	328	unclassified	Austrian German	borrowed		
karbonát	328	modern	German	borrowed		
pojáca	328	modern	Italian	borrowed		
ionoszféra	327	modern	English	borrowed		
baksis	326	unclassified	Ottoman Turkish	borrowed		
dézsa	326	ancient	Slavic languages	borrowed		
lúg	326	ancient	South Slavic languages|West Slavic languages	borrowed		
despota	325	modern	English|German	borrowed		
kóró	325	ancient	Turkic languages	borrowed		
tanti	325	unclassified	Austrian German	borrowed		
determináció	323	modern	Latin	borrowed		
homofóbia	322	modern	English	borrowed		
konspiráció	322	modern	Latin	borrowed		
permutáció	320	modern	Latin	borrowed		
zsonglőr	320	modern	French	borrowed		
bébiszitter	319	modern	English	borrowed		
parlag	319	ancient	Slavic languages	borrowed		
abszint	316	modern	German	borrowed		
heraldika	316	modern	German	borrowed		
antiszeptikus	312	modern	English	borrowed		
korrigál	312	modern	Latin	borrowed		
stramm	312	modern	German	borrowed		
vinil	312	modern	German	borrowed		
flekk	310	modern	German	borrowed		
gyeplő	310	ancient	Turkic languages	borrowed		
pózna	309	ancient	Slavic languages	borrowed		
piktogram	308	modern	English	borrowed		
szoliter	306	modern	German	borrowed		
cikória	305	modern	Medieval Latin	borrowed		
druzsba	304	unclassified	Romanian	borrowed		
métely	304	ancient	South Slavic languages	borrowed		
müezzin	303	unclassified	Ottoman Turkish	borrowed		
européer	302	modern	German	borrowed		
tik-tak	302	modern	German	borrowed		
profilaktikus	301	modern	Latin	borrowed		
billió	300	modern	German	borrowed		
heterogenitás	297	modern	German	borrowed		
topáz	296	modern	German	borrowed		
avokádó	295	modern	English	borrowed		
csuha	295	unclassified	Ottoman Turkish	borrowed		
foxi	295	unclassified	Austrian German	borrowed		
rumli	295	modern	German	borrowed		
zsoké	294	modern	English	borrowed		
affin	293	modern	German	borrowed		
páka	293	ancient	Slovak	borrowed		
ricinus	292	modern	Latin	borrowed		
szuggesztió	292	modern	Latin	borrowed		
aszeptikus	291	modern	Latin	borrowed		
vecsernye	291	ancient	Slavic languages	borrowed		
exhibicionizmus	290	modern	Latin	borrowed		
meiózis	290	modern	New Latin	borrowed		
kanális	288	modern	Latin	borrowed		
slag	288	modern	German	borrowed		
sakk-matt	286	modern	German	borrowed		
svindler	286	modern	German	borrowed		
marionett	285	modern	German	borrowed		
monotónia	284	modern	German	borrowed		
adieu	283	modern	French	borrowed		
hipnotizőr	283	modern	French	borrowed		
ciszterna	282	modern	Latin	borrowed		
gusztus	282	modern	Latin	borrowed		
mirtusz	282	modern	Latin	borrowed		
konformista	281	modern	English	borrowed		
linzer	281	unclassified	Viennese German	borrowed		
zsáner	281	modern	German	borrowed		
cirok	280	ancient	Serbo-Croatian|Slovene	borrowed		
akcse	279	unclassified	Ottoman Turkish	borrowed		
furfang	278	modern	Italian	borrowed		
prüdéria	278	modern	German	borrowed		
drabális	276	modern	Latin	borrowed		
pulzár	275	modern	English	borrowed		
zacc	275	unclassified	Austrian German	borrowed		
celofán	274	modern	English	borrowed		
etnográfia	274	modern	English	borrowed		
glaukóma	274	modern	Latin	borrowed		
káka	274	ancient	Turkic languages	borrowed		
ajatollah	273	unclassified	Iranian Persian	borrowed		
etnológia	271	modern	English	borrowed		
hermelin	271	modern	German	borrowed		
hibridizáció	271	modern	English	borrowed		
kandeláber	271	modern	German	borrowed		
szandzsák	271	unclassified	Ottoman Turkish	borrowed		
degradáció	269	modern	Latin	borrowed		
gúnya	269	ancient	South Slavic languages	borrowed		
amalgám	267	modern	Medieval Latin	borrowed		
kalifátus	267	modern	German	borrowed		
sarlatán	267	modern	German	borrowed		
absztinencia	266	modern	Latin	borrowed		
fortély	266	modern	German	borrowed		
szuperál	266	modern	Latin	borrowed		
rozé	264	modern	French	borrowed		
felcser	263	modern	German	borrowed		
intenció	263	modern	Latin	borrowed		
kinematika	263	modern	German	borrowed		
kikerics	259	ancient	Turkic languages	borrowed		
bojtorján	258	ancient	Turkic languages	borrowed		
dolmány	258	unclassified	Ottoman Turkish	borrowed		
gereblye	258	ancient	Slovak|South Slavic languages	borrowed		
mormota	258	modern	Latin	borrowed		
gyehenna	257	modern	Latin	borrowed		
kation	257	modern	German	borrowed		
diapozitív	256	modern	German	borrowed		
iniciálé	256	modern	German	borrowed		
kroki	256	modern	French	borrowed		
kéró	256	unclassified	Romani	borrowed		
palimpszeszt	256	modern	German	borrowed		
puttony	256	unclassified	Austrian German	borrowed		
inerciális	254	modern	English	borrowed		
kaszab	254	unclassified	Ottoman Turkish	borrowed		
padisah	254	unclassified	Ottoman Turkish	borrowed		
apatikus	253	modern	Latin	borrowed		
dzsúdó	253	modern	English	borrowed		
boglya	252	ancient	Turkic languages	borrowed		
mizantróp	250	modern	German	borrowed		
rozetta	246	modern	French	borrowed		
zsold	245	modern	German	borrowed		
bakfis	242	modern	German	borrowed		
sztornó	242	modern	German	borrowed		
atletikus	241	modern	Latin	borrowed		
kónusz	239	modern	Latin	borrowed		
kacor	238	ancient	Slovak	borrowed		
tajga	238	modern	Russian	borrowed		
lián	237	modern	French	borrowed		
mamlasz	236	ancient	Slovak	borrowed		
kolonc	235	modern	German	borrowed		
puncs	235	modern	German	borrowed		
mísz	234	unclassified	Yiddish	borrowed		
karmazsin	233	modern	Italian	borrowed		
szatócs	233	ancient	Turkic languages	borrowed		
golyva	231	ancient	Serbo-Croatian	borrowed		
laboráns	231	modern	German	borrowed		
kloroform	229	modern	German	borrowed		
rostély	229	modern	Italian	borrowed		
aposztróf	228	modern	German	borrowed		
banalitás	228	modern	German	borrowed		
pác	228	unclassified	Bavarian	borrowed		
improduktív	226	modern	German	borrowed		
irredentizmus	224	modern	Italian	borrowed		
matróna	224	modern	Latin	borrowed		
szaft	224	modern	German	borrowed		
szodómia	224	modern	German	borrowed		
tiara	223	modern	Latin	borrowed		
rekettye	222	ancient	Serbo-Croatian|Slovene	borrowed		
gyaur	220	unclassified	Ottoman Turkish	borrowed		
aszociális	219	modern	German	borrowed		
indiszponált	219	modern	German	borrowed		
kugli	219	modern	German	borrowed		
hercig	218	modern	German	borrowed		
modalitás	218	modern	Latin	borrowed		
embólia	217	modern	Late Latin	borrowed		
prognosztikus	217	modern	English	borrowed		
folklorista	216	modern	English	borrowed		
addiktológia	214	modern	English	borrowed		
spóra	214	modern	New Latin	borrowed		
buldózer	213	modern	English	borrowed		
kalapál	213	ancient	Slavic languages	borrowed		
bidé	212	modern	French	borrowed		
dadaizmus	212	modern	French	borrowed		
martalóc	212	ancient	Serbo-Croatian	borrowed		
mufti	212	unclassified	Ottoman Turkish	borrowed		
verbunk	212	modern	German	borrowed		
kuglóf	210	modern	German	borrowed		
macesz	210	unclassified	Yiddish	borrowed		
reverenda	210	modern	Latin	borrowed		
rőzse	210	ancient	Slovene	borrowed		
vurstli	210	modern	German	borrowed		
kalligráfia	209	modern	German	borrowed		
nyikhaj	208	unclassified	Romani	borrowed		
pacsuli	208	modern	German	borrowed		
irha	207	modern	German	borrowed		
rozsomák	207	unclassified	Polish	borrowed		
arszlán	205	unclassified	Ottoman Turkish	borrowed		
fatalizmus	205	modern	German	borrowed		
malter	205	modern	German	borrowed		
buki	204	modern	English	borrowed		
krikett	204	modern	English	borrowed		
kűr	204	modern	German	borrowed		
brikett	203	modern	German	borrowed		
dunyha	203	ancient	Slavic languages	borrowed		
jotta	203	modern	Latin	borrowed		
bárium	201	modern	English	borrowed		
destrukció	201	modern	Latin	borrowed		
karnis	200	unclassified	Austrian German	borrowed		
argumentáció	199	modern	Latin	borrowed		
borona	199	ancient	Slavic languages	borrowed		
acetát	198	modern	German	borrowed		
agronómus	198	modern	German	borrowed		
csaó	198	modern	Italian	borrowed		
szabotőr	198	modern	German	borrowed		
zoológia	196	modern	German	borrowed		
grimasz	195	modern	French	borrowed		
kommüniké	195	modern	French	borrowed		
bocsa	194	modern	Italian	borrowed		
doh	194	ancient	Slavic languages	borrowed		
kurkuma	194	modern	German	borrowed		
szajré	194	unclassified	Yiddish	borrowed		
virgács	190	modern	Latin	borrowed		
klasszifikáció	187	modern	German	borrowed		
folklorisztika	185	modern	English	borrowed		
katakomba	185	modern	Late Latin	borrowed		
narkotikus	184	modern	Latin	borrowed		
snidling	184	unclassified	Austrian German	borrowed		
unka	184	modern	German	borrowed		
nímand	183	modern	German	borrowed		
szexepil	183	modern	English	borrowed		
lazúr	182	modern	Medieval Latin	borrowed		
papaja	182	modern	English|Spanish	borrowed		
böszörmény	181	ancient	Turkic languages	borrowed		
komócsin	180	ancient	Turkic languages	borrowed		
blézer	179	modern	English	borrowed		
dorong	179	ancient	Slavic languages	borrowed		
kelepce	179	ancient	Slovak	borrowed		
audiencia	178	modern	Latin	borrowed		
bula	177	unclassified	Romani	borrowed		
szkinhed	177	modern	English	borrowed		
manzárd	176	modern	German	borrowed		
zsarátnok	176	ancient	Slavic languages	borrowed		
xilofon	175	modern	German	borrowed		
deklináció	174	modern	Latin	borrowed		
tambura	174	ancient	Serbo-Croatian	borrowed		
csehó	173	unclassified	Austrian German	borrowed		
dezintegráció	173	modern	French	borrowed		
impresszárió	173	modern	Italian	borrowed		
smucig	173	modern	German	borrowed		
buksza	171	modern	German	borrowed		
pigmentáció	171	modern	Latin	borrowed		
statárium	171	modern	Medieval Latin	borrowed		
ipszilon	170	modern	Latin	borrowed		
kreatúra	169	modern	Late Latin	borrowed		
eufemisztikus	167	modern	German	borrowed		
golyóbis	167	modern	Latin	borrowed		
kupec	167	ancient	Slovak	borrowed		
szulfid	167	modern	German	borrowed		
abesszin	166	modern	Latin	borrowed		
szentencia	166	modern	Latin	borrowed		
pandit	165	modern	English	borrowed		
muhar	164	ancient	Serbo-Croatian	borrowed		
szelf	164	modern	English	borrowed|learned		
szári	164	modern	English|Hindi|Hindustani languages|Urdu	borrowed		
víkend	164	modern	English	borrowed		
xenofóbia	164	modern	German	borrowed		
théta	163	unclassified	Ancient Greek	borrowed		
dafke	162	unclassified	Yiddish	borrowed		
rezümé	162	modern	French	borrowed		
rokka	162	modern	Italian	borrowed		
dromedár	161	modern	Late Latin	borrowed		
hezitál	161	modern	Latin	borrowed		
echó	160	modern	Latin	borrowed		
kaloriméter	160	modern	English	borrowed		
őrül	160	ancient	Turkic languages	borrowed		
aszat	159	ancient	Slavic languages	borrowed		
episztemológia	157	modern	Latin	borrowed		
mál	157	unclassified	Romanian	borrowed		
anglisztika	156	modern	German	borrowed		
özön	156	ancient	Kipchak|Pecheneg	borrowed		
aldehid	155	modern	German	borrowed		
tragacs	155	unclassified	Bavarian	borrowed		
kapucni	153	modern	German	borrowed		
dzsunka	152	modern	German	borrowed		
fecni	152	modern	German	borrowed		
karcol	152	modern	German	borrowed		
séró	152	unclassified	Romani	borrowed		
vekni	151	unclassified	Bavarian	borrowed		
dedikáció	150	modern	Latin	borrowed		
parvenü	149	modern	German	borrowed		
fuser	148	modern	German	borrowed		
mulcs	147	modern	English	borrowed		
apanázs	146	modern	German	borrowed		
kúr	146	unclassified	Romani	borrowed		
páternoszter	146	modern	Latin	borrowed		
expresszivitás	145	modern	German	borrowed		
bakteriológia	144	modern	English	borrowed		
dezertőr	144	modern	German	borrowed		
indiszkréció	144	modern	German	borrowed		
korund	141	modern	German	borrowed		
lignin	140	modern	English	borrowed		
morféma	140	modern	French	borrowed		
vánkos	140	modern	German	borrowed		
ganéj	139	ancient	Slavic languages	borrowed		
zsanér	139	modern	German	borrowed		
donga	138	ancient	Slavic languages|South Slavic languages	borrowed		
mitesszer	138	modern	German	borrowed		
achát	137	modern	German	borrowed		
betli	137	modern	German	borrowed		
csinovnyik	137	modern	Russian	borrowed		
gerlice	137	ancient	Slavic languages	borrowed		
kazamata	137	modern	Italian	borrowed		
pesszárium	137	modern	Medieval Latin	borrowed		
berillium	136	modern	Latin	borrowed		
acetaldehid	135	modern	German	borrowed		
csép	135	ancient	Slavic languages	borrowed		
skalp	135	modern	English	borrowed		
bibliográfus	134	modern	German	borrowed		
laboda	134	ancient	Slavic languages	borrowed		
bendzsó	132	modern	English	borrowed		
szecska	132	ancient	Slavic languages	borrowed		
ünő	132	ancient	Turkic languages	borrowed		
damaszt	131	modern	German	borrowed		
gácsér	131	ancient	Slovak	borrowed		
herbárium	131	modern	Latin	borrowed		
tengelic	131	ancient	South Slavic languages|West Slavic languages	borrowed		
dzsóker	130	modern	English	borrowed		
glasznoszty	130	modern	Russian	borrowed		
püré	130	modern	German	borrowed		
tangens	130	modern	Latin	borrowed		
emanáció	129	modern	Latin	borrowed		
deltoid	128	modern	English	borrowed		
gríz	128	modern	German	borrowed		
paleontológia	128	modern	German	borrowed		
prézli	128	modern	German	borrowed		
verzál	128	modern	German	borrowed		
epidémia	126	modern	Late Latin	borrowed		
kultfilm	126	modern	English	borrowed		
poéma	126	modern	Latin	borrowed		
rádzsa	125	modern	English	borrowed		
spongya	125	modern	Latin	borrowed		
szusi	125	modern	Japanese	borrowed		
tropa	125	modern	Italian|Serbo-Croatian	borrowed		
kujon	123	modern	German	borrowed		
zimankó	123	unclassified	Ukrainian	borrowed		
csipsz	120	modern	English	borrowed		
krédó	119	modern	Latin	borrowed		
fiáker	118	unclassified	Austrian German	borrowed		
almárium	117	modern	Medieval Latin	borrowed		
cirbolya	117	modern	German	borrowed		
kapca	117	ancient	Slavic languages	borrowed		
kodon	117	modern	English	borrowed		
szaké	117	modern	Japanese	borrowed		
vigéc	117	modern	German	borrowed		
virtigli	117	modern	German	borrowed		
balneoterápia	116	modern	New Latin	borrowed		
türbe	116	unclassified	Ottoman Turkish	borrowed		
kontrapunkt	114	modern	German	borrowed		
fluorit	113	modern	English	borrowed		
huliganizmus	113	modern	English	borrowed		
kadencia	113	modern	Italian	borrowed		
tilinkó	113	unclassified	Romanian	borrowed		
bankomat	112	modern	English	borrowed		
bim-bam	112	modern	German	borrowed		
nyérc	112	modern	German	borrowed		
koszinusz	111	modern	German	borrowed		
perturbáció	111	modern	Latin	borrowed		
konföderatív	110	modern	German	borrowed		
piál	110	unclassified	Romani	borrowed		
stróman	110	modern	German	borrowed		
trópus	110	modern	German|Latin	borrowed|semantic		
sombrero	109	modern	Spanish	borrowed		
szimptóma	109	modern	Latin	borrowed		
aulikus	108	modern	Latin	borrowed		
kalucsni	108	unclassified	Bavarian	borrowed		
málha	108	unclassified	Bavarian	borrowed		
paduc	108	ancient	Slovene	borrowed		
dizőz	106	modern	French	borrowed		
purdé	106	unclassified	Romani	borrowed		
zsalugáter	106	unclassified	Viennese German	borrowed		
konkordancia	104	modern	Latin	borrowed		
csóré	102	unclassified	Romani	borrowed		
hombár	102	unclassified	Ottoman Turkish	borrowed		
sparhelt	102	modern	German	borrowed		
lexéma	101	modern	German	borrowed		
lózung	100	modern	German	borrowed		
milliom	100	modern	German	borrowed		
kumisz	99	modern	German	borrowed		
iglu	97	modern	English|Inuktitut	borrowed		
tromf	97	modern	German	borrowed		
patisszon	96	modern	French	borrowed		
slicc	96	modern	German	borrowed		
gyűszű	94	ancient	Turkic languages	borrowed		
nyoszolya	94	ancient	South Slavic languages	borrowed		
autósztráda	93	modern	Italian	borrowed		
majó	93	unclassified	Romanian	borrowed		
perfekcionizmus	93	modern	English	borrowed		
indium	92	modern	New Latin	borrowed		
implikáció	91	modern	Latin	borrowed		
statisztéria	89	modern	German	borrowed		
turmalin	89	modern	German	borrowed		
boroszlán	88	ancient	Serbo-Croatian	borrowed		
einstand	88	modern	German	borrowed		
fridzsider	88	unclassified	Austrian German	borrowed		
giroszkóp	88	modern	English|French	borrowed		
legionárius	88	modern	Latin	borrowed		
hidroxid	86	modern	German	borrowed		
inspekció	86	modern	Latin	borrowed		
moréna	86	modern	Italian	borrowed		
puszpáng	86	unclassified	Bavarian	borrowed		
disszimiláció	85	modern	English|German	borrowed		
hexán	85	modern	English	borrowed		
kápó	85	modern	German	borrowed		
gimel	84	unclassified	Hebrew	borrowed		
kulimász	84	ancient	Slavic languages	borrowed		
artikulál	83	modern	Late Latin	borrowed		
hipnotizál	83	modern	German	borrowed		
fuszekli	82	modern	German	borrowed		
szardella	81	modern	German	borrowed		
szekund	81	modern	German	borrowed		
córesz	80	unclassified	Yiddish	borrowed		
huszitizmus	80	modern	Latin	borrowed		
maltóz	80	modern	English	borrowed		
samesz	80	unclassified	Yiddish	borrowed		
izoprén	79	modern	English	borrowed		
kalorimetria	79	modern	English	borrowed		
konnotáció	79	modern	Latin	borrowed		
korhol	79	ancient	Slavic languages	borrowed		
négus	79	modern	German	borrowed		
ártány	79	ancient	Turkic languages	borrowed		
abcúg	78	modern	German	borrowed		
cseber	78	ancient	South Slavic languages|West Slavic languages	borrowed		
herót	78	unclassified	Yiddish	borrowed		
mokaszin	78	modern	English	borrowed		
emotikon	77	modern	English	borrowed		
folklorizmus	77	modern	English	borrowed		
ráspoly	77	modern	German	borrowed		
arterioszklerózis	76	modern	Latin	borrowed		
bólé	76	modern	German	borrowed		
extrapoláció	76	modern	English|French|German	borrowed		
rebellió	75	modern	Latin	borrowed		
frufru	74	modern	French|German	borrowed		
harács	74	unclassified	Ottoman Turkish	borrowed		
paszpartu	74	modern	French	borrowed		
pellengér	74	unclassified	Low German	borrowed		
ászana	74	unclassified	Sanskrit	borrowed		
abortív	73	modern	German	borrowed		
devalváció	73	modern	German	borrowed		
kozmonauta	73	modern	English	borrowed		
monarcha	73	modern	Latin	borrowed		
parszek	73	modern	English	borrowed		
eszkaláció	72	modern	English	borrowed		
partikula	72	modern	Latin	borrowed		
cikcakk	71	modern	German	borrowed		
saslik	71	modern	Russian	borrowed		
lédig	70	modern	German	borrowed		
preceptor	70	modern	Latin	borrowed		
apatit	69	modern	German	borrowed		
gigerli	69	unclassified	Austrian German	borrowed		
krakéler	69	modern	German	borrowed		
rekonstruál	69	modern	German	borrowed		
szárma	69	unclassified	Ottoman Turkish	borrowed		
abdominális	67	modern	Latin	borrowed		
bliccel	67	unclassified	Viennese German	borrowed		
dunszt	67	unclassified	Austrian German	borrowed		
asszociativitás	66	modern	German	borrowed		
averzió	66	modern	Latin	borrowed		
péló	66	unclassified	Romani	borrowed		
bugyelláris	65	modern	Latin	borrowed		
hetéra	65	modern	Latin	borrowed		
iphone	65	modern	English	borrowed		
kamuflázs	64	modern	French	borrowed		
rén	64	modern	German	borrowed		
talián	64	modern	Italian	borrowed		
donáció	63	modern	Latin	borrowed		
guzsaly	63	ancient	Slavic languages	borrowed		
morfondíroz	63	modern	German	borrowed		
papundekli	63	modern	German	borrowed		
kvintesszencia	62	modern	Latin	borrowed		
pajesz	62	unclassified	Yiddish	borrowed		
piruett	61	modern	French	borrowed		
szulfit	61	modern	German	borrowed		
asszó	60	modern	French|German	borrowed		
bonc	60	modern	German	borrowed		
sezlon	60	modern	German	borrowed		
spaletta	60	unclassified	Austrian German	borrowed		
udvarnok	60	ancient	Slavic languages	borrowed		
vignetta	60	modern	German	borrowed		
telugu	59	unclassified	Telugu	borrowed		
lárifári	58	modern	German	borrowed		
abház	57	modern	Russian	borrowed		
relapszus	57	modern	Latin	borrowed		
kaspó	56	modern	French	borrowed		
szinkópa	56	modern	Late Latin	borrowed|learned		
vacillál	56	modern	Latin	borrowed		
bajadér	55	modern	German	borrowed		
esztena	55	unclassified	Romanian	borrowed		
findzsa	55	unclassified	Ottoman Turkish	borrowed		
lokni	55	unclassified	Bavarian	borrowed		
pracli	55	unclassified	Bavarian	borrowed		
aberráns	54	modern	Latin	borrowed		
berbécs	54	unclassified	Romanian	borrowed		
ióta	54	unclassified	Ancient Greek	borrowed		
borscs	53	modern	Russian	borrowed		
perfid	53	unclassified	Viennese German	borrowed		
ibrik	52	unclassified	Ottoman Turkish	borrowed		
matrjoska	51	modern	Russian	borrowed		
nugát	51	modern	French	borrowed		
lakmusz	50	modern	German	borrowed		
murok	50	ancient	Slavic languages	borrowed		
pandémia	50	modern	Latin	borrowed		
akceleráció	49	modern	Latin	borrowed		
bérmál	49	ancient	Serbo-Croatian|Slovene	borrowed		
gejl	49	modern	German	borrowed		
deléció	48	modern	English	borrowed		
neszesszer	48	modern	French	borrowed		
schub	48	modern	German	borrowed		
gardedám	47	modern	German	borrowed		
glissando	46	modern	Italian	borrowed		
kaliba	46	ancient	Slavic languages	borrowed		
stelázsi	46	modern	German	borrowed		
fibrilláció	45	modern	Latin	borrowed		
tein	45	modern	French	borrowed		
dzsúsz	44	modern	English	borrowed		
ablativus	43	modern	Latin	borrowed		
machináció	43	modern	German	borrowed		
patronázs	43	modern	French	borrowed		
szuszék	43	ancient	Slavic languages	borrowed		
izosztázia	42	modern	English	borrowed		
allotrop	41	modern	English	borrowed		
fájin	41	modern	German	borrowed		
handzsár	41	unclassified	Ottoman Turkish	borrowed		
sarzsi	41	unclassified	Austrian German	borrowed		
spácium	41	modern	Latin	borrowed		
trén	41	unclassified	Austrian German	borrowed		
respektál	40	modern	Latin	borrowed		
vakol	40	modern	German	borrowed		
biográfus	39	modern	German	borrowed		
diftongus	39	modern	Late Latin	borrowed		
firhang	39	modern	German	borrowed		
kommutativitás	39	modern	German	borrowed		
mángold	39	modern	German	borrowed		
sercli	39	unclassified	Austrian German	borrowed		
bukszus	38	modern	Latin	borrowed		
dzsörzé	37	modern	English	borrowed		
funktor	37	modern	English	borrowed		
radiáció	37	modern	Latin	borrowed		
vájdling	36	unclassified	Bavarian	borrowed		
klapec	35	ancient	Slovak	borrowed		
klozett	35	modern	German	borrowed		
plajbász	35	modern	German	borrowed		
bricska	34	unclassified	Polish	borrowed		
cunami	34	modern	Japanese	borrowed		
karbonil	34	modern	English	borrowed		
piedesztál	34	modern	French	borrowed		
izolál	33	modern	German	borrowed		
mesüge	33	unclassified	Yiddish	borrowed		
pesztra	33	ancient	South Slavic languages	borrowed		
graféma	32	modern	German	borrowed		
jatagán	32	unclassified	Ottoman Turkish	borrowed		
madzsong	32	modern	English	borrowed		
mineralógia	32	modern	English	borrowed		
cvikker	31	modern	German	borrowed		
pakulár	31	unclassified	Romanian	borrowed		
dezorientáció	30	modern	French	borrowed		
fetva	30	unclassified	Ottoman Turkish	borrowed		
párol	30	ancient	Slavic languages	borrowed		
steampunk	30	modern	English	borrowed		
colstok	29	modern	German	borrowed		
cúg	29	modern	German	borrowed		
sampinyon	29	modern	German	borrowed		
slejm	29	unclassified	Bavarian	borrowed		
dódzsó	28	modern	English	borrowed		
flexel	28	modern	English	borrowed		
akrosztichon	27	modern	German	borrowed		
früstök	27	modern	German	borrowed		
szortíroz	27	modern	German	borrowed		
bajrám	26	unclassified	Ottoman Turkish	borrowed		
bokály	26	modern	Italian	borrowed		
eszcájg	26	unclassified	Austrian German	borrowed		
garaboly	26	ancient	Slavic languages	borrowed		
spulni	26	unclassified	Bavarian	borrowed		
anglista	25	modern	German	borrowed		
egyptienne	25	modern	French	borrowed		
aciditás	24	modern	Latin	borrowed		
pleonazmus	24	modern	Latin	borrowed		
apoplexia	23	modern	Late Latin	borrowed		
cakompakk	23	modern	German	borrowed		
srég	23	modern	German	borrowed		
trafikál	23	modern	German|Italian	borrowed		
amerikanista	22	modern	English	borrowed		
arabisztika	22	modern	German	borrowed		
galand	22	modern	German	borrowed		
sterilizátor	22	modern	German	borrowed		
dzsogging	21	modern	English	borrowed		
famózus	21	modern	Latin	borrowed		
gerezna	21	ancient	Slavic languages	borrowed		
görl	20	modern	English	borrowed		
kisztihand	20	modern	German	borrowed		
nuklein	20	modern	English	borrowed		
saccol	20	modern	German	borrowed		
okarina	19	modern	German	borrowed		
radikalizál	19	modern	German	borrowed		
kaik	18	unclassified	Ottoman Turkish	borrowed		
krizopráz	18	modern	German	borrowed		
folklorizáció	17	modern	English	borrowed		
libling	17	modern	German	borrowed		
onomasztika	17	modern	German	borrowed		
tánti	17	unclassified	Austrian German	borrowed		
éceszgéber	17	unclassified	Yiddish	borrowed		
admittancia	16	modern	English	borrowed		
derivál	16	modern	Latin	borrowed		
odaliszk	16	modern	German	borrowed		
álef	16	unclassified	Hebrew	borrowed		
antonima	15	modern	Latin	borrowed		
imprimatúra	15	modern	German	borrowed		
mikromenedzsment	15	modern	English	borrowed		
aeroplán	14	modern	German	borrowed		
kapiskál	14	modern	Italian|Venetan	borrowed		
sifonér	14	modern	German	borrowed		
strekk	14	modern	German	borrowed		
lésza	13	ancient	Slavic languages	borrowed		
szömörcsög	13	ancient	Slavic languages	borrowed		
benzil	12	modern	English	borrowed		
bonszai	12	modern	Japanese	borrowed		
triolett	12	modern	German	borrowed		
invertál	11	modern	Latin	borrowed		
lornyon	11	modern	French	borrowed		
sekk	11	modern	English	borrowed		
aktualizáció	10	modern	French	borrowed		
cvíder	10	unclassified	Bavarian	borrowed		
gépely	10	modern	German	borrowed		
prédál	10	modern	Latin	borrowed		
pukedli	10	unclassified	Viennese German	borrowed		
rádzsput	10	unclassified	Hindi	borrowed		
szekíroz	10	modern	German	borrowed		
abriktol	9	modern	German	borrowed		
aszimptota	9	modern	Latin	borrowed		
expanzionizmus	9	modern	English	borrowed		
happol	9	unclassified	Yiddish	borrowed		
hóstát	9	modern	German	borrowed		
okik	9	ancient	Turkic languages	borrowed		
pángermanizmus	9	modern	German	borrowed		
abonament	8	unclassified	Romanian	borrowed		
afrikanista	8	modern	German	borrowed		
centroszóma	8	modern	English	borrowed		
demoralizáció	8	modern	German	borrowed		
gránic	8	modern	German	borrowed		
racemizáció	8	modern	English	borrowed		
strimfli	8	modern	German	borrowed		
surc	8	modern	German	borrowed		
dzsiudzsicu	7	modern	English	borrowed		
einsteinium	7	modern	English	borrowed		
glazúr	7	modern	German	borrowed		
mángorol	7	modern	German	borrowed		
strukturál	7	modern	German	borrowed		
síbol	7	modern	German	borrowed		
aberrál	6	modern	Latin	borrowed		
asszaszin	6	modern	French	borrowed		
punga	6	unclassified	Romanian	borrowed		
pácol	6	unclassified	Bavarian	borrowed		
pádimentum	6	modern	Latin	borrowed		
abál	5	ancient	Slavic languages	borrowed		
borkán	5	unclassified	Romanian	borrowed		
dévanágari	5	unclassified	Sanskrit	borrowed		
fermium	5	modern	New Latin	borrowed		
guzlica	5	ancient	Serbo-Croatian	borrowed		
mutuj	5	unclassified	Romanian	borrowed		
satíroz	5	modern	German	borrowed		
tropán	5	modern	German	borrowed		
abakteriális	4	modern	New Latin	borrowed		
ablaut	4	modern	German	borrowed		
akrofóbia	4	modern	Latin	borrowed		
bandikut	4	modern	English	borrowed		
csihány	4	ancient	Turkic languages	borrowed		
dirndli	4	unclassified	Bavarian	borrowed		
dzsömper	4	modern	English	borrowed		
iatrokémia	4	modern	Latin	borrowed		
kvirt	4	modern	German	borrowed		
transzfóbia	4	modern	English	borrowed		
diviz	3	modern	German	borrowed		
dálet	3	unclassified	Hebrew	borrowed		
jasmak	3	unclassified	Ottoman Turkish	borrowed		
komót	3	modern	German	borrowed		
kontrollőr	3	modern	German	borrowed		
lomográfia	3	modern	English	borrowed		
papondekli	3	modern	German	borrowed		
tarlatán	3	modern	French	borrowed		
önológia	3	modern	German	borrowed		
abisszikus	2	modern	Latin	borrowed		
abortívum	2	modern	Latin	borrowed		
döblec	2	unclassified	Ottoman Turkish	borrowed		
frizőr	2	modern	German	borrowed		
fumigál	2	modern	Latin	borrowed		
fércel	2	modern	German	borrowed		
hecserli	2	unclassified	Bavarian	borrowed		
hidrofóbia	2	modern	Latin	borrowed		
indikció	2	modern	Latin	borrowed		
kompona	2	ancient	Old Church Slavonic|Romanian	borrowed		
kukuj	2	unclassified	Romanian	borrowed		
stockfotó	2	modern	English	borrowed		
vinetta	2	unclassified	Romanian	borrowed		
webinar	2	modern	English	borrowed		
allomorf	1	modern	German	borrowed		
dezodoráns	1	modern	German	borrowed		
elpaterol	1	unclassified	Yiddish	borrowed		
impresszionál	1	modern	German	borrowed		
performáns	1	unclassified	Romanian	borrowed		
rafinál	1	modern	German	borrowed		
tángál	1	modern	Latin	borrowed		
airbnb-zik	0	modern	English	borrowed		
akklimatizál	0	modern	German	borrowed		
anzágol	0	modern	German	borrowed		
bitcoin	0	modern	English	borrowed		
bokeh	0	modern	English	borrowed|orthographic		
brexit	0	modern	English	borrowed		
csehenem	0	unclassified	Ottoman Turkish	borrowed		
demagnetizáció	0	modern	English	borrowed		
dozíroz	0	modern	German	borrowed		
dzsudogi	0	modern	English	borrowed		
dzsudoka	0	modern	English	borrowed		
emodzsi	0	modern	Japanese	borrowed		
fédervejsz	0	modern	German	borrowed		
kabanna	0	unclassified	Romanian	borrowed		
kaikdzsi	0	unclassified	Ottoman Turkish	borrowed		
lejnol	0	unclassified	Yiddish	borrowed		
lunguj	0	unclassified	Romanian	borrowed		
lájkol	0	modern	English	borrowed		
mamuz	0	unclassified	Ottoman Turkish	borrowed		
mispóche	0	unclassified	Yiddish	borrowed		
podcast	0	modern	English	borrowed		
poetaszter	0	modern	German	borrowed		
vuvuzela	0	modern	English	borrowed		
werkfotó	0	modern	German	borrowed		
zilíz	0	ancient	South Slavic languages|West Slavic languages	borrowed		
à	0	modern	French	borrowed		
đồng	0	unclassified	Vietnamese	borrowed		
